Year,Month,pr,tas,hurs,tasmax,tasmin
1950,1,245.79683,25.03588,84.05016,26.650501,23.421257
1950,2,133.82922,25.504034,82.018524,27.259481,23.748587
1950,3,173.05568,25.758934,83.30318,27.549564,23.968304
1950,4,162.84393,26.617693,81.28439,28.536457,24.698929
1950,5,154.17325,26.99862,81.60758,29.007929,24.98931
1950,6,129.82,26.921455,80.65781,28.978905,24.864008
1950,7,105.29203,26.900528,79.38369,28.967497,24.833559
1950,8,173.68504,26.560585,80.81674,28.571667,24.549507
1950,9,233.52986,26.474646,81.94381,28.459352,24.489943
1950,10,260.1157,26.283339,83.08111,28.229807,24.336868
1950,11,293.73358,25.969563,82.95388,27.85427,24.084858
1950,12,222.1242,25.627058,82.33017,27.297798,23.95632
1951,1,164.07161,25.598986,82.58877,27.276855,23.921116
1951,2,83.29679,25.880796,80.54524,27.711803,24.049788
1951,3,90.22688,26.508904,79.72208,28.471552,24.546257
1951,4,148.21394,26.9575,81.65249,28.908281,25.006718
1951,5,168.31438,27.162724,82.21256,29.108084,25.217365
1951,6,178.09253,27.167862,81.5921,29.1502,25.185526
1951,7,212.74939,26.866228,81.97716,28.871075,24.861378
1951,8,164.05872,26.711903,81.51369,28.684406,24.7394
1951,9,225.10475,26.565771,82.28768,28.497684,24.633852
1951,10,282.54547,26.282356,83.1407,28.166513,24.3982
1951,11,317.58252,25.867247,84.195595,27.669682,24.064814
1951,12,294.42908,25.620237,84.56913,27.28318,23.95729
1952,1,198.22115,25.144306,82.59706,26.833479,23.455135
1952,2,124.906075,25.721378,82.480515,27.472647,23.970106
1952,3,166.87715,26.488441,82.59636,28.294416,24.682465
1952,4,136.02081,27.0174,80.35886,29.00396,25.03084
1952,5,137.41805,27.335968,80.637405,29.354696,25.317242
1952,6,96.90527,27.457918,78.90767,29.587132,25.3287
1952,7,145.7624,27.067245,80.29262,29.120537,25.01395
1952,8,218.47847,26.644402,81.954796,28.64928,24.639523
1952,9,230.3415,26.384686,82.13449,28.36339,24.405983
1952,10,291.22418,26.028364,83.46079,27.936094,24.120638
1952,11,262.32495,26.012808,83.730774,27.816366,24.209246
1952,12,191.37025,25.691322,83.35626,27.376318,24.006325
1953,1,174.7883,25.29438,82.91816,26.948643,23.640121
1953,2,89.13821,25.652712,81.096245,27.45605,23.849377
1953,3,147.38977,26.322079,81.8114,28.158306,24.485846
1953,4,145.3971,26.81454,80.56153,28.806519,24.822561
1953,5,202.67587,27.058065,82.40108,28.978168,25.137962
1953,6,166.57253,27.011812,81.27145,29.058306,24.965317
1953,7,159.4724,26.885042,81.6732,28.8705,24.899588
1953,8,167.48509,26.4873,81.48803,28.434841,24.539762
1953,9,240.87808,26.325548,82.46036,28.317163,24.333935
1953,10,270.235,26.31991,83.11889,28.255432,24.384384
1953,11,302.34738,26.084545,83.69069,27.931995,24.237093
1953,12,281.70892,25.758099,83.280655,27.52854,23.987658
1954,1,178.22342,25.56218,82.455124,27.196722,23.927637
1954,2,220.83002,25.67094,84.00608,27.337778,24.004103
1954,3,192.9554,26.101837,83.86544,27.833008,24.370663
1954,4,188.01553,26.944664,82.5426,28.844393,25.044937
1954,5,224.91747,27.014874,82.22456,29.002007,25.02774
1954,6,201.85355,26.896719,81.93031,28.866985,24.926456
1954,7,152.1885,26.86014,80.94936,28.898813,24.821474
1954,8,193.18019,26.127611,81.62258,28.081375,24.173845
1954,9,241.33354,25.758186,81.75965,27.774672,23.7417
1954,10,225.26576,26.002504,83.002785,27.905577,24.099434
1954,11,243.61426,25.822052,82.246414,27.668758,23.975346
1954,12,277.31418,25.508102,84.766396,27.179665,23.836535
1955,1,179.91714,25.499357,82.87817,27.12241,23.876305
1955,2,162.83322,25.776814,82.67153,27.485765,24.067858
1955,3,122.24469,26.366796,81.05137,28.226889,24.506704
1955,4,198.32346,26.786074,82.272255,28.675749,24.896399
1955,5,242.98145,27.084007,83.13704,28.960512,25.207502
1955,6,226.55415,26.964182,82.21013,28.898506,25.02986
1955,7,201.34763,26.749907,81.45869,28.7351,24.764711
1955,8,214.17166,26.526716,81.31072,28.480316,24.573114
1955,9,207.95352,26.850946,81.67155,28.84271,24.859184
1955,10,285.3092,26.577162,82.46264,28.54248,24.61184
1955,11,266.17746,25.803684,82.346855,27.64336,23.964003
1955,12,232.259,25.343153,83.46606,27.030354,23.65595
1956,1,230.56227,25.424057,84.84289,27.04626,23.80185
1956,2,125.20998,25.520327,82.122284,27.24556,23.795092
1956,3,164.91661,26.101082,82.609726,27.870905,24.33126
1956,4,159.21907,26.893566,81.786026,28.894604,24.892527
1956,5,209.36134,26.959898,81.61767,28.96437,24.955425
1956,6,132.19585,26.789787,79.76839,28.84403,24.735546
1956,7,116.4064,26.701593,79.58815,28.808157,24.595028
1956,8,162.13405,26.567402,81.296036,28.588226,24.546577
1956,9,210.21823,26.448414,81.48948,28.471144,24.425682
1956,10,266.33664,26.041674,82.65923,28.018879,24.064468
1956,11,363.2135,25.61182,84.66287,27.44402,23.77962
1956,12,262.06354,25.113533,83.73403,26.79016,23.436903
1957,1,206.77556,24.947693,84.54548,26.535835,23.359549
1957,2,65.548416,25.320335,80.56458,27.111235,23.529434
1957,3,105.52987,25.996542,79.77699,27.948378,24.044704
1957,4,138.87354,26.704256,81.29237,28.657412,24.7511
1957,5,185.86794,26.940056,81.4408,28.898285,24.981829
1957,6,222.4482,26.598665,82.48924,28.562353,24.63498
1957,7,141.51595,26.505856,81.833336,28.505692,24.506018
1957,8,127.172424,26.45566,80.96202,28.484467,24.42685
1957,9,207.70963,26.403572,82.14496,28.359732,24.447412
1957,10,257.71747,26.072205,82.99921,27.94584,24.198568
1957,11,300.45282,25.796965,83.63939,27.620682,23.973244
1957,12,328.87405,25.44355,84.82145,27.078087,23.809017
1958,1,222.3115,25.539518,84.09334,27.166195,23.912844
1958,2,105.1989,25.750074,80.23962,27.568365,23.931784
1958,3,222.9261,26.258015,83.07864,28.024773,24.491253
1958,4,172.4314,26.741009,82.27255,28.635721,24.846296
1958,5,121.28178,27.16592,80.14375,29.264992,25.066847
1958,6,166.43318,26.747276,81.69133,28.781511,24.713041
1958,7,179.20349,26.689913,82.28256,28.648026,24.7318
1958,8,177.36746,26.507065,81.32576,28.509512,24.50462
1958,9,166.80804,26.583263,81.77431,28.565744,24.600784
1958,10,302.87207,25.898668,83.50143,27.78427,24.013067
1958,11,297.6932,26.04745,83.33704,27.944656,24.150242
1958,12,399.90326,25.546556,85.05202,27.179455,23.913654
1959,1,254.08357,25.206059,84.21918,26.807386,23.60473
1959,2,155.25598,25.714132,83.51272,27.439072,23.989193
1959,3,157.22975,26.39781,82.40647,28.193819,24.6018
1959,4,127.76447,26.928728,80.69072,28.914793,24.94266
1959,5,182.1088,27.278744,81.41119,29.309324,25.24816
1959,6,117.23772,27.140888,79.61148,29.23449,25.047287
1959,7,163.7937,26.896456,80.32436,28.927387,24.865524
1959,8,232.27237,26.488081,82.61532,28.414366,24.561796
1959,9,221.42297,26.449795,81.914276,28.446285,24.453304
1959,10,309.40607,25.989002,83.71295,27.870707,24.107298
1959,11,251.25862,26.13364,83.21684,27.975674,24.291607
1959,12,277.08972,25.498886,83.1097,27.216005,23.781769
1960,1,143.10628,25.407019,82.0352,27.110422,23.703613
1960,2,130.8238,25.728016,82.16907,27.479647,23.97639
1960,3,170.59299,26.070948,81.03262,27.914005,24.22789
1960,4,151.11076,26.663488,81.280914,28.622496,24.704481
1960,5,172.3178,26.70738,82.18505,28.664553,24.750208
1960,6,179.82985,26.791784,81.99255,28.788534,24.795033
1960,7,160.18442,26.573448,80.94345,28.567997,24.578897
1960,8,164.76266,26.511972,82.109924,28.470982,24.552963
1960,9,214.65318,26.487644,82.52267,28.418634,24.556654
1960,10,211.52309,26.644772,82.022896,28.624714,24.66483
1960,11,305.91486,26.397337,83.39469,28.281778,24.512896
1960,12,337.4088,26.117516,84.32427,27.802742,24.432291
1961,1,219.22664,25.937656,84.45531,27.563288,24.312021
1961,2,77.74196,26.079216,79.86174,27.94773,24.210707
1961,3,177.39474,26.48565,82.53631,28.309443,24.661858
1961,4,181.25328,26.98117,82.33786,28.850084,25.112253
1961,5,210.6682,27.25616,82.40486,29.22979,25.282532
1961,6,189.92537,27.04976,81.40643,28.979507,25.120014
1961,7,182.75105,26.89897,81.42614,28.899496,24.898443
1961,8,216.96619,26.644005,82.2787,28.636604,24.651405
1961,9,239.99994,26.471548,82.73569,28.455402,24.487694
1961,10,260.40048,26.15503,82.91928,28.066471,24.243587
1961,11,328.4309,26.122807,84.081116,27.93987,24.30574
1961,12,253.09576,25.818485,83.577545,27.513626,24.123348
1962,1,224.81096,25.581886,84.27315,27.16567,23.998102
1962,2,182.0286,25.953726,83.62674,27.641182,24.266266
1962,3,169.77773,26.15505,82.678566,27.926281,24.38382
1962,4,171.77538,26.879648,82.585365,28.776537,24.98276
1962,5,218.06136,26.930826,82.27094,28.865412,24.996243
1962,6,188.29858,26.764996,82.09146,28.678576,24.851412
1962,7,190.75842,26.883184,82.2088,28.843225,24.92314
1962,8,135.93257,26.938435,81.03673,28.964718,24.912155
1962,9,244.54552,26.493568,82.60871,28.48348,24.503653
1962,10,256.93204,26.426357,82.86664,28.359793,24.492928
1962,11,324.28464,26.156485,84.05034,27.952576,24.36039
1962,12,276.84283,25.555416,83.26652,27.258307,23.852524
1963,1,182.87628,25.085316,82.08373,26.718351,23.452278
1963,2,227.57762,25.279837,85.11519,26.901049,23.658623
1963,3,186.31305,25.924492,83.43711,27.71882,24.130165
1963,4,148.97531,26.545761,82.095314,28.427282,24.664238
1963,5,133.43738,27.103153,81.256485,29.12541,25.080896
1963,6,192.61398,26.48883,81.36999,28.528063,24.449598
1963,7,133.64687,26.432217,80.72235,28.447477,24.416954
1963,8,131.98781,26.49795,80.32299,28.585382,24.410515
1963,9,257.0568,25.941942,83.369576,27.88238,24.001501
1963,10,304.16415,25.594097,83.23758,27.540436,23.64776
1963,11,260.18906,25.534979,84.66757,27.338278,23.73168
1963,12,309.43918,25.041033,84.83474,26.695002,23.387064
1964,1,167.10876,24.819174,82.79636,26.480097,23.158253
1964,2,106.02965,25.493505,81.95965,27.259214,23.727798
1964,3,112.653564,25.990803,81.365746,27.88491,24.096693
1964,4,144.07054,26.558716,80.95524,28.537748,24.579681
1964,5,175.77225,27.027134,81.85099,29.018616,25.03565
1964,6,171.44466,26.811665,81.59064,28.809635,24.81369
1964,7,178.8624,26.501806,81.65584,28.471203,24.532408
1964,8,188.42015,26.359278,81.66464,28.323526,24.395031
1964,9,175.66138,26.395481,81.57252,28.353893,24.43707
1964,10,303.1653,25.903307,83.55296,27.803963,24.002651
1964,11,241.6181,25.935368,83.15047,27.76702,24.103714
1964,12,307.9834,25.671022,83.969986,27.326649,24.015398
1965,1,210.53548,25.300167,82.851875,26.920984,23.679348
1965,2,201.24635,25.021658,83.76659,26.628021,23.415289
1965,3,187.11133,25.467258,83.31818,27.299618,23.634901
1965,4,158.44354,26.114449,82.298744,28.020739,24.208157
1965,5,170.28786,26.581402,82.17335,28.579502,24.5833
1965,6,187.74641,26.529716,82.659195,28.477158,24.58228
1965,7,161.17738,26.293888,81.690155,28.283995,24.303783
1965,8,186.60915,26.047695,82.05941,28.0039,24.09149
1965,9,208.12724,25.803453,82.654335,27.707666,23.899242
1965,10,229.49643,25.781006,82.82439,27.700216,23.861795
1965,11,314.83768,25.439762,84.30155,27.243732,23.635788
1965,12,214.1886,25.408966,83.681625,27.11013,23.7078
1966,1,177.91763,25.29987,82.88318,26.90719,23.69255
1966,2,190.24503,25.133724,84.15725,26.754402,23.513042
1966,3,153.87576,25.630182,83.05174,27.405964,23.8544
1966,4,188.8322,26.2309,82.62518,28.145903,24.315895
1966,5,173.75041,26.611795,82.07503,28.586649,24.636944
1966,6,150.02313,26.772875,80.97373,28.790327,24.755424
1966,7,230.50409,26.149548,82.550354,28.091776,24.207323
1966,8,125.26299,26.38716,81.21052,28.40423,24.370089
1966,9,208.32854,26.157438,81.98358,28.129005,24.18587
1966,10,302.88425,25.620453,83.725174,27.52436,23.716541
1966,11,301.50946,25.589516,84.03327,27.389174,23.78986
1966,12,283.18933,25.175446,83.7447,26.858517,23.492373
1967,1,145.8043,24.383362,82.260376,26.029978,22.736744
1967,2,97.94659,24.983644,82.08891,26.759304,23.207985
1967,3,205.66408,25.80301,83.78235,27.575031,24.03099
1967,4,161.06146,26.34892,81.88694,28.234852,24.462988
1967,5,201.22423,26.811481,82.25233,28.79566,24.827303
1967,6,162.63512,26.828081,81.14649,28.83534,24.82082
1967,7,154.5804,26.411367,80.49633,28.44831,24.374424
1967,8,179.61899,26.142487,81.83383,28.132069,24.152903
1967,9,190.34125,25.970547,81.317894,28.021214,23.919878
1967,10,270.37488,25.634584,83.29815,27.529654,23.739517
1967,11,244.36475,25.484299,84.08851,27.256643,23.71195
1967,12,303.42502,25.459415,84.924034,27.114227,23.804604
1968,1,163.12737,25.296152,82.21167,26.962128,23.630175
1968,2,141.41075,25.504469,82.48816,27.21725,23.791689
1968,3,161.25278,26.007885,82.39267,27.851274,24.164495
1968,4,164.76718,26.68407,81.88304,28.563599,24.80454
1968,5,187.8172,27.069508,81.83998,29.034685,25.104336
1968,6,205.00018,26.806902,82.50652,28.700039,24.913763
1968,7,219.63109,26.485935,82.56368,28.366219,24.605654
1968,8,154.62535,26.543129,81.19371,28.567427,24.518831
1968,9,243.77983,26.123922,83.044815,28.019976,24.227875
1968,10,244.41336,26.40972,82.45573,28.354946,24.464493
1968,11,249.95125,26.126654,82.53432,27.998543,24.254763
1968,12,338.40024,26.053335,83.67933,27.777794,24.328876
1969,1,246.16725,26.025023,83.41618,27.689398,24.36065
1969,2,150.61642,26.302986,82.26874,28.039333,24.56664
1969,3,181.95992,26.811789,82.32605,28.64267,24.980911
1969,4,204.26872,27.03403,81.987236,28.947056,25.121012
1969,5,213.29202,27.158295,81.71512,29.08522,25.231367
1969,6,156.04776,27.263298,80.64219,29.247766,25.27883
1969,7,220.47491,26.838955,81.77784,28.817518,24.860395
1969,8,161.35335,26.94832,79.91043,28.986105,24.910536
1969,9,194.4513,26.702862,80.72018,28.73653,24.669188
1969,10,289.27603,26.048828,82.48195,28.0099,24.087759
1969,11,245.64594,25.520529,83.44856,27.329956,23.711105
1969,12,145.46393,25.17095,82.18799,26.851564,23.490334
1970,1,172.65689,24.96972,84.32646,26.573349,23.366093
1970,2,163.17801,25.31,84.196396,26.948904,23.671097
1970,3,174.40184,26.007513,82.95678,27.820576,24.194448
1970,4,186.98878,26.706892,82.007614,28.603596,24.810188
1970,5,219.25238,26.998417,82.55391,28.947506,25.049328
1970,6,151.68613,26.838337,80.74913,28.834745,24.84193
1970,7,217.11858,26.54015,81.825455,28.492256,24.588047
1970,8,210.93106,26.28887,81.74739,28.25015,24.327593
1970,9,169.8665,26.615099,81.10385,28.651077,24.579124
1970,10,277.38538,26.347416,82.9258,28.279385,24.415445
1970,11,334.28427,25.95086,83.959694,27.746622,24.1551
1970,12,224.87584,25.842073,83.76982,27.541199,24.142946
1971,1,229.93439,25.50384,83.36302,27.146282,23.861397
1971,2,148.9155,25.97981,83.56664,27.70166,24.257963
1971,3,147.80667,26.472353,81.75427,28.348553,24.596153
1971,4,219.89825,26.660894,82.27673,28.587088,24.734701
1971,5,237.56006,26.665846,82.378654,28.556849,24.774843
1971,6,164.53181,26.792974,80.94605,28.801216,24.784729
1971,7,159.65079,26.397596,80.12858,28.441141,24.354053
1971,8,180.9999,26.64339,80.97752,28.6301,24.656677
1971,9,199.81631,26.523294,80.70688,28.584818,24.46177
1971,10,279.87234,26.045895,82.550575,28.010088,24.081703
1971,11,288.20026,25.732986,84.29766,27.591648,23.87433
1971,12,344.14487,25.24324,84.75643,26.933512,23.552969
1972,1,186.94041,24.966776,82.724205,26.6331,23.300453
1972,2,114.39488,25.45865,82.22138,27.204147,23.713154
1972,3,203.63216,26.013765,82.19748,27.853643,24.173893
1972,4,123.014595,26.506535,80.47679,28.455421,24.55765
1972,5,125.80226,26.727804,80.73924,28.728071,24.727541
1972,6,196.176,26.525303,82.351295,28.501278,24.549332
1972,7,158.94737,26.401487,81.69106,28.427914,24.375063
1972,8,108.01103,26.32694,80.89919,28.403324,24.250559
1972,9,171.23723,26.09244,81.941574,28.08983,24.095047
1972,10,263.7344,25.992178,83.49696,27.877121,24.107237
1972,11,288.55396,26.25568,83.800705,28.138462,24.372902
1972,12,342.4255,25.754147,85.20753,27.358742,24.149551
1973,1,153.4339,25.841478,82.291916,27.54015,24.142807
1973,2,85.954475,26.159088,81.03002,28.023191,24.294989
1973,3,85.77778,26.69179,79.60814,28.71067,24.672905
1973,4,112.94421,27.27565,80.15818,29.338348,25.21295
1973,5,202.98764,27.311798,82.21386,29.277884,25.345713
1973,6,165.25917,27.527235,81.92782,29.53166,25.522808
1973,7,222.28372,27.062563,82.6702,29.019337,25.105787
1973,8,247.83685,26.608185,82.10189,28.571272,24.645098
1973,9,200.4266,26.926264,81.368996,28.893925,24.958605
1973,10,277.02994,26.779356,82.53198,28.733654,24.825064
1973,11,289.2924,26.544039,83.00696,28.408316,24.67976
1973,12,217.19983,25.402891,81.98276,27.106009,23.699774
1974,1,209.83144,24.840471,83.06036,26.440695,23.24025
1974,2,184.4389,25.163887,84.7426,26.814157,23.513615
1974,3,219.1846,25.634336,83.94796,27.383408,23.885265
1974,4,122.33073,26.448463,80.76838,28.45237,24.444557
1974,5,115.03146,26.853537,80.64289,28.909327,24.797747
1974,6,112.40907,26.614487,80.21114,28.69295,24.536022
1974,7,213.10938,26.206743,82.40039,28.11859,24.294897
1974,8,165.02681,26.882458,81.83795,28.86174,24.903177
1974,9,216.00076,26.659756,82.42464,28.605959,24.713549
1974,10,319.05603,26.063263,83.71478,27.995726,24.130804
1974,11,295.1601,25.763924,83.53528,27.572803,23.955044
1974,12,240.2353,25.755527,83.43338,27.454506,24.056545
1975,1,213.65756,25.554953,82.550735,27.233953,23.875954
1975,2,167.37706,25.35754,83.31543,26.99839,23.716688
1975,3,168.99245,25.967838,82.50877,27.749437,24.18624
1975,4,165.21971,26.454105,81.515526,28.363596,24.544615
1975,5,157.88672,27.002533,81.92367,28.946423,25.058643
1975,6,203.37518,26.569687,82.10616,28.52432,24.615051
1975,7,194.85474,26.263138,82.18305,28.198513,24.327766
1975,8,201.97032,26.373394,82.133644,28.326422,24.420362
1975,9,208.06633,26.250278,82.047615,28.25083,24.249725
1975,10,261.17236,26.064098,83.002014,27.994034,24.134169
1975,11,341.13287,25.845747,83.8665,27.65602,24.035473
1975,12,290.15152,25.780092,84.28351,27.438051,24.122131
1976,1,313.01312,25.424955,84.51261,27.054281,23.79563
1976,2,140.36647,25.457201,82.84294,27.154125,23.760275
1976,3,185.46294,26.05257,82.55119,27.828075,24.277063
1976,4,217.91869,26.434494,83.88205,28.299057,24.569931
1976,5,211.06638,26.821781,83.21313,28.68596,24.957602
1976,6,151.5967,26.94325,82.02929,28.935167,24.95133
1976,7,157.70175,26.638643,81.110054,28.680729,24.596554
1976,8,197.70413,26.404001,81.46762,28.429647,24.378355
1976,9,214.92255,26.278261,82.31314,28.238705,24.317816
1976,10,265.77872,26.282845,82.79118,28.231249,24.334444
1976,11,266.92392,26.047667,83.601845,27.835201,24.260134
1976,12,319.68637,25.671556,84.1449,27.307465,24.035648
1977,1,174.10312,25.141424,82.53098,26.747849,23.534996
1977,2,113.1086,24.7981,81.498604,26.496931,23.09927
1977,3,102.278114,25.70843,81.723076,27.680052,23.736803
1977,4,104.54983,26.716085,80.484764,28.796864,24.635307
1977,5,161.61333,26.895319,81.998,28.861794,24.928844
1977,6,213.588,26.71831,82.93804,28.662655,24.773964
1977,7,170.53006,26.636206,81.78619,28.600935,24.671476
1977,8,172.0074,26.711657,81.83988,28.699884,24.72343
1977,9,216.45612,26.405506,82.0409,28.37252,24.438492
1977,10,264.15903,26.313522,82.58361,28.261412,24.365635
1977,11,314.8753,25.992397,84.017426,27.798647,24.186144
1977,12,341.00122,25.503939,84.27934,27.203173,23.804707
1978,1,241.69011,25.1929,83.31526,26.80519,23.580608
1978,2,152.35583,25.009867,83.11325,26.679893,23.339842
1978,3,147.21616,25.520222,81.441376,27.368544,23.6719
1978,4,196.54158,26.336527,82.86852,28.188246,24.484808
1978,5,209.17648,26.512205,82.93787,28.38774,24.636673
1978,6,194.59277,26.782894,82.19544,28.781279,24.784508
1978,7,108.56345,26.851189,79.90746,28.936365,24.766016
1978,8,223.75763,26.165037,81.80013,28.165392,24.164679
1978,9,182.06346,26.237339,81.77609,28.192892,24.281792
1978,10,260.25443,26.176897,82.657845,28.121363,24.232426
1978,11,304.45523,26.100828,83.86551,27.944298,24.257362
1978,12,291.29376,25.679628,83.57478,27.34892,24.01034
1979,1,139.47656,25.423737,81.550446,27.11532,23.732147
1979,2,72.821526,26.331564,79.39983,28.272058,24.391071
1979,3,97.51091,26.820974,78.80484,28.782606,24.859344
1979,4,160.02669,27.20943,81.97946,29.136541,25.28232
1979,5,192.34372,27.414707,81.97906,29.38296,25.446455
1979,6,203.2795,27.138075,81.334404,29.083996,25.192152
1979,7,157.75803,27.110811,80.78917,29.125854,25.095764
1979,8,191.53215,26.880026,81.51544,28.880003,24.880045
1979,9,200.91862,26.665167,81.43733,28.731716,24.598621
1979,10,291.2581,26.387764,83.41813,28.31563,24.4599
1979,11,354.34518,26.035822,84.162735,27.856403,24.215237
1979,12,324.37848,25.288324,85.46055,26.887875,23.688772
1980,1,204.89223,25.274635,83.6858,26.937042,23.612225
1980,2,188.10443,25.567217,82.68581,27.237635,23.896801
1980,3,163.78108,26.057508,82.64245,27.855087,24.259928
1980,4,166.9132,26.664307,82.1452,28.557169,24.771442
1980,5,232.1538,26.986078,82.78522,28.91825,25.053907
1980,6,199.82243,26.769636,82.37138,28.747189,24.79208
1980,7,201.44705,26.419212,82.68199,28.33832,24.500107
1980,8,152.2592,26.616016,81.549416,28.596386,24.635647
1980,9,185.86176,26.646114,81.43097,28.641016,24.651209
1980,10,281.61243,26.171955,83.39186,28.078835,24.265076
1980,11,303.94705,25.964039,83.91884,27.785162,24.142914
1980,12,301.264,25.44146,84.25451,27.068048,23.814867
1981,1,215.61607,25.104013,83.410385,26.712055,23.495968
1981,2,76.18334,25.098375,80.65004,26.89965,23.297102
1981,3,133.006,26.069803,81.90737,27.929958,24.209646
1981,4,114.59609,26.794186,80.89991,28.78012,24.808249
1981,5,203.28012,27.099142,82.48354,29.031662,25.166622
1981,6,201.2634,26.758303,82.438484,28.706081,24.810522
1981,7,164.67323,26.4835,82.103584,28.405785,24.561214
1981,8,144.81252,26.57271,81.032524,28.624205,24.52121
1981,9,241.55501,26.277288,83.26345,28.195253,24.359324
1981,10,239.67215,26.220657,82.8649,28.13449,24.306826
1981,11,256.45312,26.145437,83.25942,27.942451,24.348423
1981,12,278.51566,25.81863,82.90232,27.552273,24.084988
1982,1,97.75217,25.222204,80.53263,27.060629,23.38378
1982,2,107.451965,25.576513,81.355255,27.382326,23.770704
1982,3,106.23106,26.223951,81.092606,28.115345,24.332556
1982,4,138.62512,26.741503,81.92052,28.6937,24.789309
1982,5,184.47484,26.98235,82.044876,28.976168,24.988535
1982,6,161.8724,26.840105,81.10714,28.877151,24.803057
1982,7,141.38004,26.79069,80.4151,28.854908,24.72647
1982,8,217.2812,26.393856,81.856186,28.3588,24.428907
1982,9,202.0618,26.435194,82.24882,28.421799,24.448593
1982,10,291.16074,26.180689,83.11701,28.143145,24.218233
1982,11,274.89697,25.877329,84.428955,27.68483,24.06983
1982,12,257.8606,25.33308,83.60248,26.9887,23.677464
1983,1,253.63069,24.518684,84.81357,26.06996,22.967411
1983,2,101.97962,25.196276,82.828514,26.91755,23.475002
1983,3,154.33485,25.91971,83.146065,27.707989,24.131432
1983,4,160.01292,26.643734,82.595276,28.545044,24.742422
1983,5,261.47668,26.71984,83.08474,28.608763,24.830915
1983,6,142.55531,26.836164,80.1771,28.919441,24.752886
1983,7,123.61492,26.936209,80.08289,29.016733,24.855682
1983,8,196.86902,26.49396,81.04147,28.53187,24.45605
1983,9,154.2253,26.295692,80.30263,28.354834,24.236551
1983,10,226.6679,26.130264,82.205505,28.106604,24.153925
1983,11,275.85742,26.218029,83.431404,28.10669,24.329363
1983,12,344.86063,26.076115,84.717064,27.741877,24.410355
1984,1,202.38582,25.765175,82.36981,27.42162,24.10873
1984,2,111.37991,26.152502,81.29495,27.925453,24.379549
1984,3,138.61067,26.722673,82.04411,28.59152,24.853827
1984,4,194.1378,27.243454,82.63734,29.15966,25.32725
1984,5,214.05167,27.217709,82.34583,29.143057,25.292355
1984,6,216.99806,26.982317,81.89551,28.926691,25.03794
1984,7,185.8537,26.869192,81.50873,28.843443,24.894943
1984,8,221.47086,26.752285,82.17849,28.706203,24.798367
1984,9,202.24716,26.627554,81.73712,28.625713,24.629398
1984,10,281.2251,26.233517,82.860214,28.162184,24.304848
1984,11,318.33475,25.629578,83.99007,27.420519,23.838636
1984,12,210.09651,25.413174,84.357445,27.094856,23.731497
1985,1,180.34346,25.361904,83.39749,27.009623,23.714186
1985,2,79.39358,25.859781,81.071884,27.684109,24.035456
1985,3,113.62881,26.387804,80.681694,28.260183,24.515427
1985,4,180.66594,26.894783,82.10123,28.796669,24.992895
1985,5,210.34338,27.108082,81.96762,29.044352,25.171812
1985,6,217.91833,26.820286,82.09451,28.831303,24.809267
1985,7,182.4738,26.42505,81.93807,28.388397,24.4617
1985,8,202.77608,26.458355,82.65712,28.37137,24.54534
1985,9,242.88069,26.413277,82.764755,28.355112,24.471441
1985,10,221.56859,26.416962,82.19575,28.303404,24.530521
1985,11,290.35468,26.545084,83.04382,28.395613,24.694551
1985,12,367.4355,26.455477,84.334175,28.155754,24.7552
1986,1,192.51883,26.418709,82.760376,28.112698,24.724718
1986,2,74.6052,26.698277,80.205284,28.5258,24.87075
1986,3,100.5881,27.169758,80.33121,29.09598,25.243536
1986,4,114.70784,27.411997,80.20728,29.47962,25.344376
1986,5,171.00383,27.603945,81.39062,29.544363,25.66353
1986,6,202.04488,27.496725,81.79161,29.510342,25.48311
1986,7,252.41473,26.918592,82.40052,28.875355,24.961832
1986,8,201.58778,27.04231,81.00199,28.990396,25.094225
1986,9,228.61478,27.04272,81.97226,29.028408,25.057035
1986,10,302.31204,26.83006,82.80667,28.781038,24.87908
1986,11,310.086,25.96319,83.98098,27.75712,24.16926
1986,12,278.7544,25.517965,84.63465,27.14849,23.88744
1987,1,231.34207,25.634382,85.015076,27.22846,24.040302
1987,2,112.89565,25.336565,80.81927,27.08168,23.591454
1987,3,173.60371,26.307804,83.41826,28.072294,24.543314
1987,4,154.79552,26.425175,82.28711,28.32126,24.529085
1987,5,179.10007,27.031965,82.26624,29.006699,25.057234
1987,6,156.2114,26.955303,81.37333,28.969095,24.941511
1987,7,131.70007,26.912334,79.909096,29.013388,24.811281
1987,8,164.62054,26.635332,80.78528,28.672663,24.598003
1987,9,251.97966,26.303024,82.432335,28.25747,24.34858
1987,10,251.44058,26.407883,82.59851,28.34069,24.475075
1987,11,331.97452,25.944363,83.71056,27.769318,24.11941
1987,12,295.66888,25.610924,85.06679,27.26012,23.96173
1988,1,333.3889,25.261105,85.17983,26.809158,23.713053
1988,2,175.79602,25.203945,84.413536,26.848495,23.559399
1988,3,115.4754,26.161198,82.14931,27.990767,24.33163
1988,4,115.55608,26.660982,80.489204,28.65192,24.67005
1988,5,161.53537,27.116653,81.854004,29.124487,25.108822
1988,6,169.84012,26.808804,81.40416,28.82488,24.792732
1988,7,112.03229,26.947283,79.57175,29.043133,24.85143
1988,8,170.80635,26.73878,81.01263,28.751049,24.72651
1988,9,201.86026,26.52399,81.745445,28.523546,24.524433
1988,10,283.69626,26.243164,83.159004,28.110294,24.376034
1988,11,332.96133,25.827864,84.19424,27.60294,24.052784
1988,12,320.6402,25.61753,85.396324,27.248161,23.986898
1989,1,193.15228,25.554958,83.326324,27.203592,23.906322
1989,2,169.75829,25.619612,83.29718,27.287052,23.952173
1989,3,153.04799,26.26332,82.56027,28.068151,24.45849
1989,4,146.61201,27.024054,81.75901,28.94907,25.099033
1989,5,211.67387,27.185522,82.36207,29.099676,25.271368
1989,6,159.85687,27.260878,81.627335,29.245268,25.276487
1989,7,147.71333,26.805582,80.34956,28.83652,24.774643
1989,8,205.60452,26.957546,81.75173,28.957949,24.957144
1989,9,168.69075,26.884417,80.96396,28.952301,24.816532
1989,10,274.92575,26.489729,83.4542,28.400396,24.579067
1989,11,323.0509,26.006474,83.68276,27.842607,24.170338
1989,12,239.40825,25.587479,83.17175,27.300669,23.874289
1990,1,209.76465,25.599672,83.22883,27.263414,23.935926
1990,2,126.86788,25.781462,82.23258,27.503036,24.059893
1990,3,133.77887,26.535698,81.7379,28.367218,24.704176
1990,4,144.01479,27.03525,81.62108,28.958204,25.112293
1990,5,194.06725,27.434694,82.12075,29.424446,25.444942
1990,6,194.61583,27.15898,82.71916,29.093056,25.224903
1990,7,186.36287,26.883375,82.69243,28.784294,24.982456
1990,8,167.06282,26.939453,81.5659,28.94195,24.93696
1990,9,160.83246,26.977242,81.35938,29.015223,24.939266
1990,10,207.6657,26.770903,82.15725,28.71511,24.826694
1990,11,284.6629,26.66226,83.42292,28.531305,24.793213
1990,12,309.58035,26.089592,83.468666,27.765053,24.41413
1991,1,167.40753,26.105251,83.28019,27.783377,24.427126
1991,2,109.055435,26.428148,81.56578,28.218403,24.637894
1991,3,129.87555,26.983023,82.1174,28.874596,25.091454
1991,4,163.84526,27.417004,81.42616,29.390207,25.443798
1991,5,236.77866,27.523806,83.137566,29.43098,25.61663
1991,6,175.32788,27.52903,81.925026,29.521646,25.536415
1991,7,157.8052,27.374533,81.64681,29.420034,25.329033
1991,8,165.94113,27.177555,82.00476,29.208147,25.146963
1991,9,222.99503,26.68625,82.58585,28.665182,24.707321
1991,10,285.19537,26.248512,83.12575,28.213995,24.283026
1991,11,274.8328,25.93389,84.12045,27.730812,24.136967
1991,12,312.317,25.882008,85.26022,27.544447,24.21957
1992,1,257.24084,25.380198,83.33493,27.02913,23.731264
1992,2,170.86302,25.768272,83.55721,27.442488,24.094057
1992,3,162.93352,26.309093,82.09888,28.1587,24.459486
1992,4,203.06514,26.817492,81.55411,28.761082,24.873905
1992,5,241.95872,26.794674,82.84283,28.667582,24.921764
1992,6,158.9235,26.597725,80.73029,28.5926,24.602848
1992,7,187.76996,26.545795,81.0148,28.58581,24.50578
1992,8,151.67865,26.633303,80.35594,28.646858,24.619747
1992,9,156.9368,26.449276,80.62019,28.504786,24.393766
1992,10,271.5303,26.014519,83.06077,27.902817,24.126223
1992,11,306.66895,25.682539,84.06199,27.484903,23.880178
1992,12,280.33698,25.457737,84.52381,27.145449,23.770023
1993,1,181.07135,25.305798,82.05946,26.943243,23.668348
1993,2,103.071045,25.578173,80.63426,27.34291,23.813435
1993,3,100.745865,25.948227,80.965675,27.821447,24.075005
1993,4,135.82278,26.937546,81.7096,28.918127,24.956964
1993,5,252.0424,26.872915,83.19458,28.817097,24.928734
1993,6,195.06894,26.816433,82.1717,28.75083,24.88204
1993,7,190.70212,26.593493,82.42405,28.526438,24.660545
1993,8,231.04259,26.450518,82.25349,28.381634,24.519402
1993,9,236.74878,26.278683,82.32926,28.217718,24.339643
1993,10,233.23477,26.242321,82.62153,28.198761,24.285881
1993,11,312.7819,25.97452,83.83982,27.810232,24.138805
1993,12,192.04193,25.53985,82.09712,27.258772,23.820932
1994,1,108.91639,25.401243,82.367805,27.067291,23.735195
1994,2,123.63277,25.626915,82.64006,27.326035,23.927797
1994,3,127.08023,26.199116,82.34112,28.03533,24.362902
1994,4,140.14935,26.839304,82.3149,28.751162,24.92745
1994,5,155.52316,27.202612,81.498695,29.164589,25.24064
1994,6,169.95898,27.190111,82.24223,29.203844,25.17638
1994,7,201.40771,26.855726,82.250175,28.846022,24.865433
1994,8,184.47415,27.000696,81.7035,29.026302,24.97509
1994,9,251.61685,26.763966,83.187965,28.73127,24.796663
1994,10,242.78215,26.720907,82.89659,28.680208,24.761604
1994,11,329.62256,25.953726,84.688866,27.73865,24.168804
1994,12,251.9418,25.50712,84.616295,27.150526,23.863716
1995,1,199.70071,25.693497,84.708496,27.32776,24.059229
1995,2,147.59892,26.089256,83.210106,27.825832,24.35268
1995,3,188.29694,26.422634,83.38823,28.150656,24.694607
1995,4,158.7786,27.023148,82.208244,28.911877,25.134422
1995,5,204.43132,27.410147,82.33998,29.406364,25.41393
1995,6,172.34758,27.014559,80.821785,29.032516,24.9966
1995,7,160.25507,26.918938,80.29854,29.004448,24.83343
1995,8,167.26007,26.822546,81.01759,28.828579,24.816515
1995,9,134.98395,26.821865,80.32127,28.831127,24.812607
1995,10,278.26355,26.369091,82.65242,28.28229,24.455889
1995,11,303.99542,26.22217,83.166916,28.053305,24.391031
1995,12,283.26813,25.63519,82.70609,27.309706,23.960676
1996,1,240.06195,25.650208,83.403,27.265747,24.034664
1996,2,179.557,25.768538,82.95642,27.534283,24.00279
1996,3,186.41653,26.155327,82.89319,27.89877,24.41188
1996,4,200.91406,26.761162,83.5295,28.612011,24.910316
1996,5,177.14542,27.083376,82.336815,28.989353,25.177397
1996,6,154.49997,27.073385,81.11298,29.063095,25.083673
1996,7,183.84872,26.763525,81.32359,28.789043,24.738
1996,8,190.12212,26.84008,81.49344,28.835121,24.845043
1996,9,202.02219,26.917318,81.69739,28.920565,24.914074
1996,10,230.40211,26.872437,82.22292,28.803043,24.94183
1996,11,358.90143,26.195705,83.70458,28.052942,24.338469
1996,12,332.10632,26.055954,85.11078,27.72707,24.384838
1997,1,257.65836,26.06436,84.29597,27.655502,24.473215
1997,2,194.8173,26.130367,83.3792,27.83444,24.426296
1997,3,136.85551,26.833,80.92212,28.68362,24.982378
1997,4,170.05827,27.155191,80.94653,29.051407,25.258978
1997,5,249.79002,27.471624,82.38079,29.450666,25.492584
1997,6,160.23248,26.934109,80.96623,28.981937,24.886278
1997,7,192.60216,26.772478,82.08839,28.79817,24.74679
1997,8,168.19002,26.82841,82.631004,28.872963,24.783854
1997,9,230.05095,26.6736,83.25774,28.674828,24.672365
1997,10,266.0961,26.307606,84.022705,28.204956,24.410254
1997,11,322.63315,25.668688,84.36413,27.484129,23.85325
1997,12,299.33844,25.48525,85.09818,27.11913,23.851372
1998,1,217.97847,25.40257,84.73746,26.978891,23.826246
1998,2,132.29585,25.601877,83.50084,27.23385,23.969904
1998,3,138.34521,26.284746,82.48534,28.122206,24.447285
1998,4,135.0102,26.882578,82.28911,28.855751,24.909407
1998,5,207.85115,27.254696,82.92097,29.140005,25.369385
1998,6,211.509,27.058771,81.96246,28.99441,25.123133
1998,7,188.83342,26.748108,81.58073,28.736246,24.759966
1998,8,257.2723,26.295124,82.69786,28.238653,24.35159
1998,9,200.64075,26.726086,82.01405,28.65394,24.798231
1998,10,263.6561,26.401115,83.0171,28.304302,24.497929
1998,11,336.6972,26.02921,84.65255,27.80523,24.253191
1998,12,301.9721,25.399328,83.81615,27.127613,23.671043
1999,1,167.05894,24.905043,83.85362,26.507418,23.30267
1999,2,164.47523,25.41187,84.64691,27.032843,23.790897
1999,3,152.95149,25.875933,83.25672,27.650593,24.101273
1999,4,157.42575,26.56624,82.2148,28.453989,24.678488
1999,5,149.17693,26.849384,82.512405,28.785854,24.912918
1999,6,192.24489,26.993084,82.80226,28.937246,25.048923
1999,7,160.77995,26.976202,81.67443,28.970907,24.981495
1999,8,124.2247,26.9311,81.500755,28.928574,24.933628
1999,9,220.74059,26.359789,82.05745,28.315979,24.403599
1999,10,187.85947,26.580376,81.465164,28.5254,24.635351
1999,11,253.82123,26.61835,82.230995,28.495966,24.740738
1999,12,272.12244,26.246843,82.14389,28.018602,24.475082
2000,1,158.53838,25.98979,81.33471,27.719238,24.26034
2000,2,98.66964,25.54405,80.82111,27.253365,23.834736
2000,3,121.98077,26.671293,82.74827,28.544117,24.798471
2000,4,133.02464,27.040575,82.28084,28.958776,25.122372
2000,5,151.00217,27.399712,82.39781,29.343435,25.455988
2000,6,196.27562,27.38709,82.18965,29.361849,25.412334
2000,7,201.29527,27.016932,82.44938,28.985378,25.048483
2000,8,178.84908,26.882187,81.64859,28.850796,24.913576
2000,9,198.3005,26.888514,82.33372,28.82445,24.952578
2000,10,285.98383,26.565962,82.98914,28.493608,24.638313
2000,11,318.38614,26.314983,84.01525,28.125069,24.504896
2000,12,251.71164,25.774815,82.51299,27.463543,24.086084
2001,1,126.60841,25.323832,80.64162,27.019548,23.628117
2001,2,116.941666,25.70859,83.15169,27.444384,23.97279
2001,3,149.71223,26.210894,81.97815,28.03449,24.387293
2001,4,188.87505,26.725868,84.134544,28.513615,24.938122
2001,5,184.86667,27.312365,82.96509,29.232561,25.392166
2001,6,163.45992,27.22624,81.33859,29.22871,25.223774
2001,7,172.94173,27.03333,81.11725,29.060148,25.006512
2001,8,175.10883,27.226156,81.57718,29.230223,25.222092
2001,9,178.61398,27.209799,81.51773,29.21749,25.20211
2001,10,318.304,26.80638,83.17935,28.75784,24.854918
2001,11,318.5348,26.36666,84.212494,28.182877,24.550446
2001,12,315.56946,26.165592,84.90252,27.803658,24.527525
2002,1,284.18237,25.546907,84.43261,27.116623,23.977192
2002,2,148.51205,25.881893,83.45118,27.58,24.18379
2002,3,198.7899,26.499586,83.70794,28.228767,24.770405
2002,4,182.06305,27.060219,83.05946,28.911367,25.209072
2002,5,216.62311,27.363737,82.12658,29.340464,25.387014
2002,6,126.38444,27.344757,80.84936,29.395792,25.293724
2002,7,117.72016,26.929306,80.34013,28.98262,24.875992
2002,8,158.67711,26.736897,82.39983,28.706453,24.767344
2002,9,204.92789,26.718016,83.236305,28.680666,24.755365
2002,10,278.41064,26.368586,83.4915,28.254099,24.48307
2002,11,291.22238,26.232767,83.70352,28.057678,24.407856
2002,12,277.1102,26.03321,84.614075,27.707026,24.359394
2003,1,222.68639,26.001402,83.94634,27.656017,24.346786
2003,2,116.03926,26.11701,82.52652,27.823587,24.410437
2003,3,126.281204,26.566118,81.07257,28.46175,24.670486
2003,4,144.07166,27.294193,81.40128,29.285889,25.302502
2003,5,172.09668,27.456787,82.17399,29.383585,25.52999
2003,6,186.24275,27.605059,82.007996,29.55899,25.651127
2003,7,176.27942,27.147724,81.169205,29.17356,25.121887
2003,8,212.36888,27.031641,82.06373,28.963377,25.099907
2003,9,203.82736,26.996677,82.37212,28.944178,25.049183
2003,10,278.28964,26.810608,82.8516,28.766415,24.854803
2003,11,287.63715,26.304787,83.43881,28.082993,24.526579
2003,12,367.83194,26.225895,84.69732,27.88855,24.563238
2004,1,216.76096,26.027712,83.35214,27.671087,24.384335
2004,2,210.23409,26.32906,83.08902,28.042162,24.615957
2004,3,126.30258,26.856678,81.28029,28.69472,25.018635
2004,4,206.86824,27.367323,82.11023,29.301193,25.433453
2004,5,237.61536,27.430239,82.09985,29.351307,25.50917
2004,6,232.91054,27.18331,82.833084,29.123089,25.243536
2004,7,162.15237,27.08219,81.672165,29.074291,25.090086
2004,8,196.17558,26.945686,82.38272,28.930597,24.960777
2004,9,203.9437,26.725819,82.29211,28.692688,24.758947
2004,10,278.75873,26.673748,83.4181,28.581604,24.765892
2004,11,335.49353,26.594492,84.38079,28.414661,24.77432
2004,12,372.94513,26.33897,84.52144,28.016104,24.661833
2005,1,303.4681,25.934834,84.08587,27.523935,24.34573
2005,2,75.84197,26.202997,79.47664,28.06113,24.344862
2005,3,135.44829,26.688902,81.17335,28.542242,24.83556
2005,4,221.67555,27.050995,82.792404,28.941595,25.160393
2005,5,230.54323,27.345787,83.171036,29.237993,25.453579
2005,6,204.09412,27.407751,82.69566,29.364782,25.45072
2005,7,183.64482,27.004875,82.25351,28.989166,25.020586
2005,8,136.3302,27.056145,80.62408,29.080835,25.031452
2005,9,194.7764,26.59465,81.61914,28.523977,24.665325
2005,10,238.62846,26.664045,82.575424,28.610353,24.717737
2005,11,264.1294,26.771576,83.76181,28.634003,24.909153
2005,12,323.28186,26.444567,84.43688,28.121433,24.767706
2006,1,222.84918,26.027792,83.0695,27.639898,24.415686
2006,2,82.84434,26.524317,81.291084,28.355892,24.69274
2006,3,107.34867,26.998926,79.85666,28.946682,25.051172
2006,4,151.77968,27.630981,81.50653,29.639061,25.622902
2006,5,177.56042,27.646748,81.6463,29.586313,25.707184
2006,6,154.01064,28.014515,81.45016,30.018757,26.010271
2006,7,136.69609,27.70919,79.53597,29.77626,25.642118
2006,8,200.94354,27.358955,80.6655,29.412268,25.305643
2006,9,176.12769,27.40155,81.35771,29.505623,25.297482
2006,10,240.57556,27.100075,82.06422,29.101526,25.098629
2006,11,322.71152,26.673174,83.478905,28.521507,24.824839
2006,12,320.24036,26.333406,84.13603,28.013834,24.652983
2007,1,338.29282,25.846851,83.86293,27.489388,24.204319
2007,2,235.86728,25.730206,83.96671,27.413717,24.046692
2007,3,221.17017,26.402597,83.63428,28.176098,24.629099
2007,4,191.62694,26.860113,82.96652,28.734888,24.985338
2007,5,194.70546,27.15654,82.18,29.120872,25.192204
2007,6,189.11046,27.031052,82.22455,29.007462,25.054644
2007,7,137.92905,26.91792,81.17139,28.934475,24.901361
2007,8,186.32271,26.755445,81.892006,28.702877,24.808014
2007,9,234.5592,26.69349,82.46159,28.641548,24.745428
2007,10,235.62349,26.650917,82.41327,28.59198,24.70985
2007,11,317.89337,26.598198,83.82724,28.41889,24.777508
2007,12,263.82565,26.308321,82.95788,28.07026,24.546381
2008,1,163.73413,25.539015,82.94912,27.198263,23.879763
2008,2,190.96584,25.66984,84.08511,27.314957,24.024723
2008,3,160.99214,26.013477,82.49672,27.81821,24.208742
2008,4,114.91722,26.631838,80.90679,28.613817,24.649858
2008,5,166.15681,27.02987,82.492165,28.966028,25.093714
2008,6,148.77434,27.28821,82.33205,29.251553,25.324865
2008,7,170.54811,27.001974,81.43636,28.99252,25.01143
2008,8,154.02344,27.156273,80.870094,29.222998,25.089544
2008,9,262.63443,26.711823,82.53748,28.661638,24.762003
2008,10,269.9803,26.431728,82.62425,28.330624,24.532833
2008,11,282.17386,26.492453,83.11997,28.348576,24.636328
2008,12,227.24669,25.930277,82.29709,27.615473,24.24508
2009,1,225.57373,25.437256,84.72135,27.005625,23.868889
2009,2,113.4462,25.977371,82.733444,27.720846,24.233892
2009,3,126.61671,26.491152,81.89793,28.324518,24.657787
2009,4,138.35707,26.896412,82.353745,28.808796,24.98403
2009,5,174.98788,27.176802,81.872925,29.144884,25.208717
2009,6,171.49796,27.4391,82.34334,29.404484,25.473713
2009,7,160.78333,27.130941,81.03539,29.14157,25.12031
2009,8,194.58861,26.909693,82.18026,28.861723,24.957663
2009,9,236.8109,26.548798,83.38076,28.461699,24.635897
2009,10,293.2716,26.499937,83.591286,28.404572,24.595303
2009,11,290.5943,26.276226,83.57889,28.11656,24.435892
2009,12,319.08936,26.034,84.87639,27.70737,24.36063
2010,1,212.09248,26.293713,83.23173,27.932892,24.654531
2010,2,174.58418,26.401085,82.47402,28.085732,24.71644
2010,3,104.21808,26.937134,81.943535,28.816797,25.05747
2010,4,104.025696,27.600998,80.93667,29.652939,25.549057
2010,5,150.63347,27.909037,81.47231,29.90406,25.91401
2010,6,156.12038,27.56974,80.05854,29.609324,25.530157
2010,7,183.29839,27.240166,80.51697,29.254103,25.22623
2010,8,201.45996,27.318216,81.49755,29.297735,25.3387
2010,9,191.39062,27.354185,81.351456,29.379744,25.328625
2010,10,246.18785,27.230116,82.379585,29.20057,25.259663
2010,11,368.8545,26.738304,84.10878,28.576067,24.900547
2010,12,282.7446,25.82423,83.65702,27.482422,24.166037
2011,1,210.77237,25.766983,84.48474,27.352797,24.181168
2011,2,66.11986,25.976929,80.49605,27.761442,24.192417
2011,3,159.68001,26.724724,81.34461,28.590279,24.859173
2011,4,134.71956,26.928455,81.81833,28.86206,24.994852
2011,5,189.71135,27.144026,82.53849,29.087372,25.200678
2011,6,180.18236,27.383606,82.387436,29.317945,25.449265
2011,7,144.89384,27.081263,82.006294,29.035847,25.12668
2011,8,163.77733,26.768248,81.50591,28.71023,24.826263
2011,9,149.32016,26.923975,81.98855,28.876766,24.971188
2011,10,241.34355,26.794949,83.23478,28.70524,24.884657
2011,11,279.99435,26.818254,83.196625,28.70307,24.933434
2011,12,365.8196,26.548637,84.361916,28.202826,24.894453
2012,1,241.71599,26.343727,83.96292,27.983204,24.704252
2012,2,102.62631,26.950619,81.779945,28.818045,25.083195
2012,3,106.913925,27.5021,80.4886,29.47635,25.52785
2012,4,135.39194,28.087818,81.47832,30.089062,26.086575
2012,5,206.11984,28.226072,82.221054,30.209242,26.2429
2012,6,132.42053,28.322857,80.926674,30.388287,26.257423
2012,7,251.17534,27.339132,82.07933,29.300419,25.377846
2012,8,208.32521,27.405638,81.144806,29.36408,25.447197
2012,9,180.00832,27.629293,81.3717,29.657982,25.600607
2012,10,301.10168,27.27392,82.97247,29.209316,25.338524
2012,11,289.29898,27.101915,83.12392,28.966028,25.237803
2012,12,393.02222,26.682116,83.85247,28.343525,25.020706
2013,1,236.60716,26.196026,82.99511,27.81989,24.572166
2013,2,202.92819,26.240648,84.15188,27.893675,24.587622
2013,3,225.0161,26.568083,83.82812,28.275785,24.860384
2013,4,190.35545,27.222773,82.42376,29.111338,25.33421
2013,5,224.91235,27.490606,82.58746,29.477203,25.504015
2013,6,162.99455,27.386272,81.37718,29.4492,25.323341
2013,7,164.75748,26.938198,81.08116,28.94869,24.927702
2013,8,202.65932,26.936724,82.90328,28.8151,25.058346
2013,9,198.9158,26.789282,82.298004,28.713877,24.864687
2013,10,290.5811,26.683987,83.78601,28.56991,24.798065
2013,11,293.6847,26.401947,83.762215,28.219149,24.584743
2013,12,394.75903,26.097212,85.555115,27.744719,24.449705
2014,1,180.51982,25.878681,82.08127,27.570946,24.186417
2014,2,187.5323,25.983522,83.574554,27.651556,24.315489
2014,3,139.89197,26.586369,82.23625,28.318888,24.853844
2014,4,134.01187,27.403738,81.70653,29.35645,25.451029
2014,5,194.79648,27.529675,81.954025,29.505533,25.55382
2014,6,147.32948,27.545391,81.64846,29.587751,25.503036
2014,7,164.28598,27.23764,81.54383,29.2181,25.257183
2014,8,133.84505,27.239317,80.92102,29.289219,25.189419
2014,9,208.29294,27.021917,82.32584,29.005795,25.03804
2014,10,298.03635,26.715893,83.5377,28.634144,24.797638
2014,11,336.67758,26.529549,83.844025,28.329771,24.729326
2014,12,257.36136,25.938272,83.466965,27.617212,24.25933
