Year,Month,pr,tas,hurs,tasmin,tasmax,rolling_pr_3y,tas_range,Year_group
2015,1,130.47925,25.452703,82.35888,23.820084,27.085325,130.47925,3.2652409999999996,
2015,2,91.246025,25.665857,80.95409,23.938215,27.393497,221.725275,3.4552820000000004,
2015,3,149.40025,26.055353,82.769806,24.270435,27.84027,371.12552500000004,3.569835000000001,
2015,4,143.80931,27.136553,81.766846,25.21028,29.062826,514.934835,3.8525460000000002,
2015,5,173.23181,27.724688,82.186806,25.773115,29.676258,688.166645,3.903143,
2015,6,193.36467,27.335897,81.83944,25.34628,29.325514,881.531315,3.979233999999998,
2015,7,179.08188,27.155048,81.50234,25.189077,29.12102,1060.613195,3.9319430000000004,
2015,8,117.023254,27.313345,80.717316,25.279085,29.347599,1177.636449,4.068514,
2015,9,201.50551,27.023968,82.44426,25.052889,28.99505,1379.141959,3.9421609999999987,
2015,10,256.32306,26.810408,82.715836,24.877289,28.743525,1635.465019,3.8662360000000007,
2015,11,348.7451,26.821346,84.73505,25.007143,28.635548,1984.2101189999998,3.6284050000000008,
2015,12,325.50247,26.385778,84.10878,24.669073,28.102488,2309.7125889999998,3.433415,
2016,1,146.07999,26.306416,82.6023,24.649021,27.96381,2455.792579,3.3147889999999975,
2016,2,94.827095,26.410074,80.82868,24.634743,28.185406,2550.619674,3.550663,
2016,3,85.86007,27.160143,80.12263,25.18209,29.138197,2636.479744,3.956107000000003,
2016,4,137.54646,27.76808,80.0851,25.782944,29.75321,2774.026204,3.9702659999999987,
2016,5,187.01103,28.098051,81.4971,26.121103,30.075,2961.037234,3.9538969999999978,
2016,6,212.50504,27.728493,82.492065,25.776957,29.680029,3173.542274,3.9030720000000017,
2016,7,229.64246,27.100763,82.875694,25.208324,28.993202,3403.184734,3.784877999999999,
2016,8,181.39694,27.012083,82.36873,25.089106,28.93506,3584.581674,3.845953999999999,
2016,9,155.94003,27.188662,81.67538,25.211248,29.166077,3740.5217039999998,3.954829,
2016,10,207.71666,26.843761,82.37877,24.871025,28.8165,3948.238364,3.945475000000002,
2016,11,291.61533,26.492657,84.37313,24.658985,28.326323,4239.853694,3.6673379999999973,
2016,12,246.57263,26.036297,84.07146,24.365631,27.706963,4486.426324,3.3413319999999977,
2017,1,154.01193,25.829996,83.25114,24.215107,27.444887,4640.438254,3.2297800000000016,
2017,2,161.54968,26.055767,83.61333,24.416622,27.694918,4801.987934,3.278296000000001,
2017,3,162.88882,26.361135,82.192245,24.553572,28.168697,4964.876754,3.6151250000000026,
2017,4,171.42047,27.214684,82.44692,25.317244,29.112125,5136.297224,3.794881,
2017,5,187.43217,27.773657,82.289795,25.861013,29.686298,5323.729394,3.825285000000001,
2017,6,216.25659,27.460432,82.26312,25.479025,29.441841,5539.985984,3.962816,
2017,7,202.08965,27.3498,82.48524,25.421036,29.278564,5742.075634,3.8575279999999985,
2017,8,197.20537,27.165045,82.87899,25.2674,29.062685,5939.281004,3.795285,
2017,9,157.60948,27.178091,81.4889,25.16637,29.189812,6096.890484,4.023441999999999,
2017,10,263.83197,26.551428,82.6954,24.643494,28.459362,6360.722454,3.8158679999999983,
2017,11,215.43378,26.700806,83.05673,24.795868,28.605743,6576.156234,3.8098750000000017,
2017,12,315.01746,26.310854,84.21249,24.628607,27.9931,6891.173694,3.3644929999999995,
2018,1,127.27483,26.266224,82.8343,24.563963,27.968483,6887.969274,3.404519999999998,
2018,2,94.43388,26.567766,81.13213,24.787292,28.348244,6891.157129,3.5609520000000003,
2018,3,112.23255,27.116394,79.631386,25.166973,29.065815,6853.989428999999,3.898842000000002,
2018,4,194.4354,27.526976,83.143265,25.704765,29.34919,6904.615519,3.644425000000002,
2018,5,192.09013,27.805256,81.927025,25.85421,29.756296,6923.473838999999,3.9020860000000006,
2018,6,184.74481,27.682863,81.378235,25.70478,29.660942,6914.8539789999995,3.956161999999999,
2018,7,155.98952,27.623346,81.102425,25.570019,29.676674,6891.761619,4.106655,
2018,8,145.41643,27.621616,80.7328,25.566866,29.676369,6920.154795,4.109503,
2018,9,213.95947,27.188808,82.21325,25.176502,29.20111,6932.608755,4.024608000000001,
2018,10,297.71606,27.013468,83.501816,25.095999,28.930937,6974.001754999999,3.834938000000001,
2018,11,339.36627,26.599533,84.40182,24.81227,28.386797,6964.622925,3.574527,
2018,12,237.69386,26.401712,83.50724,24.69014,28.113287,6876.8143150000005,3.423147,
2019,1,309.45468,26.254673,84.51388,24.662678,27.84667,7040.189005,3.183992,
2019,2,174.5441,26.175144,83.345726,24.548203,27.802086,7119.906010000001,3.2538829999999983,
2019,3,121.63804,27.054163,82.99908,25.202473,28.905853,7155.68398,3.7033799999999992,
2019,4,115.92513,27.63741,80.68018,25.62488,29.64994,7134.06265,4.02506,
2019,5,114.698074,27.84345,80.10878,25.816332,29.870567,7061.749694,4.054235000000002,
2019,6,158.57985,28.062849,82.231995,26.112799,30.012903,7007.824503999999,3.9001040000000025,
2019,7,182.6321,27.725,81.80266,25.753689,29.696314,6960.814144,3.9426249999999996,
2019,8,171.68056,27.642982,81.131294,25.64239,29.643578,6951.097764,4.001188000000003,
2019,9,231.9974,27.511112,82.58436,25.549406,29.47282,7027.1551340000005,3.9234139999999975,
2019,10,272.85965,27.416977,82.77286,25.431955,29.401995,7092.298124,3.970040000000001,
2019,11,338.18857,27.119755,84.27775,25.297949,28.941563,7138.871364,3.6436139999999995,
2019,12,411.5316,26.847507,85.14335,25.193794,28.501226,7303.830334,3.3074319999999986,
2020,1,331.2347,26.623402,83.61743,24.978104,28.268698,7481.0531040000005,3.2905940000000022,
2020,2,146.69527,27.253334,81.544205,25.484697,29.021973,7466.198694000001,3.5372759999999985,
2020,3,213.33179,27.287212,81.78093,25.548838,29.025587,7516.641664,3.4767490000000016,
2020,4,229.30145,27.71271,82.88256,25.887125,29.538294,7574.522644,3.6511689999999994,
2020,5,191.27849,28.16713,81.969246,26.164284,30.169975,7578.368964,4.005691000000002,
2020,6,199.35197,27.652317,81.25712,25.670336,29.634296,7561.464344,3.96396,
2020,7,194.97404,27.509424,81.45186,25.525986,29.492863,7554.348734,3.966877,
2020,8,109.19081,27.786695,79.63312,25.70051,29.872879,7466.334174,4.172369,
2020,9,229.32892,27.555695,81.79984,25.54487,29.56652,7538.053614,4.021650000000001,
2020,10,256.2398,27.517927,82.581184,25.560474,29.475378,7530.4614440000005,3.914904,
2020,11,340.93323,26.924974,83.64863,25.120218,28.729729,7655.960894,3.6095109999999977,
2020,12,335.03244,26.383295,84.62397,24.73364,28.03295,7675.975874,3.2993099999999984,
2021,1,177.0464,26.39257,82.90365,24.712025,28.073114,7725.747444,3.3610889999999998,2020-2039
2021,2,112.265434,26.79968,81.62292,25.05844,28.540924,7743.578998,3.4824839999999995,2020-2039
2021,3,157.65762,26.93675,80.557884,25.050528,28.822975,7789.004068,3.7724469999999997,2020-2039
2021,4,191.4261,27.467922,82.82451,25.607513,29.328331,7785.9947680000005,3.7208179999999977,2020-2039
2021,5,183.21927,27.890139,82.18205,25.969648,29.810627,7777.1239080000005,3.840979000000001,2020-2039
2021,6,137.88885,27.974848,80.809044,25.971632,29.978064,7730.267948000001,4.006432,2020-2039
2021,7,170.01688,27.75733,81.36892,25.730478,29.784184,7744.295308,4.053705999999998,2020-2039
2021,8,199.17462,27.276289,81.06828,25.246275,29.306301,7798.053498,4.060026000000001,2020-2039
2021,9,208.83102,27.216227,81.927216,25.250933,29.181522,7792.925048,3.930589000000001,2020-2039
2021,10,279.23154,27.06824,83.16389,25.14892,28.98756,7774.440528,3.838639999999998,2020-2039
2021,11,297.22867,26.878351,83.92825,25.041649,28.715054,7732.302928,3.673404999999999,2020-2039
2021,12,261.07965,26.525574,83.86123,24.855001,28.196148,7755.688717999999,3.3411469999999994,2020-2039
2022,1,174.01714,26.59423,83.19584,24.906853,28.281609,7620.2511779999995,3.374755999999998,2020-2039
2022,2,140.67334,26.799889,82.35763,25.089659,28.510118,7586.380418,3.4204589999999975,2020-2039
2022,3,123.79287,27.307434,81.90576,25.44472,29.17015,7588.535248,3.7254299999999994,2020-2039
2022,4,119.341675,28.02583,80.60682,25.995451,30.05621,7591.951793,4.060759000000001,2020-2039
2022,5,178.45534,28.13793,81.78887,26.197231,30.078629,7655.709059000001,3.881398000000001,2020-2039
2022,6,148.5782,28.296717,81.54593,26.290142,30.303291,7645.707409000001,4.013149000000002,2020-2039
2022,7,209.64363,27.75517,81.68829,25.799248,29.711098,7672.718938999999,3.911850000000001,2020-2039
2022,8,222.91467,27.352558,82.09893,25.399372,29.30575,7723.953049,3.906378,2020-2039
2022,9,147.38144,27.670908,81.187515,25.664267,29.677547,7639.337089,4.013280000000002,2020-2039
2022,10,261.85712,27.223011,82.924355,25.306341,29.139683,7628.334559,3.833342000000002,2020-2039
2022,11,293.38763,27.0615,83.50923,25.228764,28.894236,7583.533619,3.6654719999999976,2020-2039
2022,12,374.98425,26.998817,84.65273,25.303213,28.694422,7546.986269,3.391209,2020-2039
2023,1,266.204,26.766779,83.465965,25.181797,28.351757,7481.955569,3.1699599999999997,2020-2039
2023,2,129.42957,26.925552,82.019135,25.192482,28.658623,7464.689869,3.4661410000000004,2020-2039
2023,3,154.13039,27.218866,80.93487,25.331018,29.106714,7405.488469000001,3.775696,2020-2039
2023,4,175.49786,27.453405,82.49007,25.581142,29.325663,7351.684879,3.744520999999999,2020-2039
2023,5,157.24179,27.970747,81.19223,25.925138,30.016357,7317.648179,4.091218999999999,2020-2039
2023,6,202.68135,27.78889,82.0822,25.830345,29.747437,7320.977559,3.9170920000000002,2020-2039
2023,7,177.0196,27.588606,82.019585,25.612305,29.564903,7303.023119,3.952598000000002,2020-2039
2023,8,192.2655,27.59283,82.20213,25.650774,29.53489,7386.097809,3.8841160000000023,2020-2039
2023,9,198.50426,27.520683,81.90862,25.587505,29.453865,7355.273149000001,3.8663600000000002,2020-2039
2023,10,214.38426,27.267984,82.48938,25.337711,29.198256,7313.417609,3.860545000000002,2020-2039
2023,11,311.8989,27.035484,84.11857,25.215513,28.855452,7284.383279000001,3.6399389999999983,2020-2039
2023,12,320.39404,26.944056,84.39272,25.235352,28.65276,7269.744879,3.4174080000000018,2020-2039
2024,1,191.21747,26.756212,82.29342,25.112432,28.399988,7283.915949,3.287556000000002,2020-2039
2024,2,95.09729,26.72432,81.17733,25.013664,28.434977,7266.747805,3.4213130000000014,2020-2039
2024,3,113.669075,27.273443,81.66712,25.383146,29.163742,7222.759260000001,3.780595999999999,2020-2039
2024,4,132.40294,27.958912,81.25538,26.005974,29.911854,7163.7361,3.9058800000000033,2020-2039
2024,5,145.27092,27.984507,81.31101,26.022093,29.946918,7125.78775,3.9248249999999985,2020-2039
2024,6,158.00293,28.328514,81.123856,26.331316,30.325712,7145.90183,3.9943959999999983,2020-2039
2024,7,234.4636,27.811111,83.19993,25.928196,29.69403,7210.348550000001,3.7658340000000017,2020-2039
2024,8,138.42778,27.857746,81.19849,25.885763,29.829731,7149.60171,3.943967999999998,2020-2039
2024,9,159.55779,27.707542,81.382034,25.753017,29.662066,7100.32848,3.9090489999999996,2020-2039
2024,10,275.68475,27.431206,82.869125,25.445475,29.416935,7096.781690000001,3.9714600000000004,2020-2039
2024,11,320.09665,26.946041,84.30777,25.115862,28.77622,7119.64967,3.6603579999999987,2020-2039
2024,12,241.42812,26.698942,84.29643,25.0079,28.389984,7099.998140000001,3.382083999999999,2020-2039
2025,1,174.91661,26.744463,83.31487,25.109686,28.379238,7100.897610000001,3.269552000000001,2020-2039
2025,2,63.45267,27.147734,80.360756,25.267834,29.027637,7023.67694,3.759802999999998,2020-2039
2025,3,100.249725,27.732346,80.581474,25.810087,29.654606,7000.133795,3.844519000000002,2020-2039
2025,4,90.87401,28.588144,79.92685,26.494755,30.681532,6971.6661300000005,4.186776999999999,2020-2039
2025,5,143.36476,28.64382,80.55916,26.633507,30.65413,6936.57555,4.020622999999997,2020-2039
2025,6,256.61322,28.512852,82.0597,26.573978,30.451723,7044.61057,3.877745000000001,2020-2039
2025,7,212.3346,28.229488,81.257256,26.1832,30.27578,7047.30154,4.092580000000002,2020-2039
2025,8,294.52023,27.80045,82.54118,25.837042,29.763857,7118.9071,3.9268150000000013,2020-2039
2025,9,244.80444,27.964195,82.39994,25.993982,29.934406,7216.3301,3.940424,2020-2039
2025,10,276.23895,27.760502,82.53816,25.81385,29.70715,7230.71193,3.8933,2020-2039
2025,11,353.35843,27.34429,83.709915,25.510832,29.17775,7290.68273,3.666917999999999,2020-2039
2025,12,422.2715,26.51938,85.045876,24.823627,28.215134,7337.96998,3.3915070000000007,2020-2039
2026,1,288.33057,25.89428,84.9073,24.386497,27.402063,7360.09655,3.0155659999999997,2020-2039
2026,2,186.94643,26.384146,85.25803,24.726046,28.04225,7417.61341,3.316203999999999,2020-2039
2026,3,218.87914,26.847754,83.83559,25.079294,28.616213,7482.36216,3.5369189999999975,2020-2039
2026,4,194.59438,27.259054,83.54233,25.409996,29.10811,7501.458680000001,3.6981140000000003,2020-2039
2026,5,214.5303,27.69702,83.3326,25.83156,29.562477,7558.74719,3.7309170000000016,2020-2039
2026,6,192.31107,27.762178,82.499535,25.846436,29.677921,7548.376910000001,3.8314850000000007,2020-2039
2026,7,198.13962,27.46778,81.861855,25.505043,29.430515,7569.49693,3.925471999999999,2020-2039
2026,8,136.9152,27.716377,80.71891,25.721432,29.711325,7514.14663,3.9898929999999986,2020-2039
2026,9,190.36127,27.804848,81.904434,25.838167,29.771528,7506.00364,3.9333610000000014,2020-2039
2026,10,276.56525,27.566221,82.88928,25.644243,29.488203,7568.18463,3.843959999999999,2020-2039
2026,11,326.90338,27.141497,82.79077,25.320276,28.96272,7583.189109999999,3.642444000000001,2020-2039
2026,12,307.1738,26.39209,84.30414,24.729403,28.05478,7569.968870000001,3.3253769999999996,2020-2039
2027,1,192.00316,26.23619,84.69424,24.627176,27.845207,7570.75456,3.218031,2020-2039
2027,2,120.63286,26.748707,82.88893,25.059551,28.437868,7596.29013,3.3783170000000027,2020-2039
2027,3,84.0836,27.266552,80.913055,25.349018,29.184084,7566.704655,3.8350659999999976,2020-2039
2027,4,176.78818,27.88034,82.75917,25.98747,29.77321,7611.089895,3.7857400000000005,2020-2039
2027,5,205.13287,28.104063,82.75186,26.206003,30.00212,7670.951845,3.7961170000000024,2020-2039
2027,6,237.99261,27.87591,83.1268,26.004416,29.747404,7750.941525,3.7429880000000004,2020-2039
2027,7,230.4206,27.4564,82.625755,25.544052,29.368746,7746.8985250000005,3.824694000000001,2020-2039
2027,8,198.78252,27.412745,82.10256,25.451685,29.373802,7807.253265,3.922117,2020-2039
2027,9,197.38596,27.62077,82.14276,25.690956,29.550585,7845.081435,3.8596290000000018,2020-2039
2027,10,280.0457,27.448914,83.34589,25.539532,29.358294,7849.442385,3.8187619999999995,2020-2039
2027,11,280.0664,27.30337,83.07712,25.49422,29.112514,7809.4121350000005,3.6182940000000023,2020-2039
2027,12,338.08755,26.791332,84.356445,25.107008,28.475655,7906.071565,3.3686469999999993,2020-2039
2028,1,201.78192,26.383385,83.89929,24.814064,27.952703,7932.936874999999,3.1386390000000013,2020-2039
2028,2,126.647285,26.661312,81.75982,24.889786,28.432838,7996.13149,3.5430519999999994,2020-2039
2028,3,160.49689,26.68089,82.54862,24.910862,28.450909,8056.378655,3.5400469999999977,2020-2039
2028,4,139.33673,27.608658,81.64421,25.662329,29.554987,8104.841375,3.892658000000001,2020-2039
2028,5,172.04747,27.887922,81.96327,25.934036,29.841808,8133.524085000001,3.9077720000000014,2020-2039
2028,6,133.50426,28.191292,81.39708,26.181467,30.201117,8010.415125,4.019649999999999,2020-2039
2028,7,196.70944,27.570517,83.054855,25.684126,29.456907,7994.789965,3.772781000000002,2020-2039
2028,8,167.03117,27.568357,81.17454,25.630585,29.506126,7867.300905,3.8755409999999983,2020-2039
2028,9,185.01205,27.827522,82.24833,25.837633,29.817413,7807.508515,3.979779999999998,2020-2039
2028,10,271.22034,27.621235,82.9805,25.733166,29.509304,7802.489905,3.7761379999999996,2020-2039
2028,11,286.66483,27.483936,82.85474,25.587263,29.380608,7735.796305,3.7933449999999986,2020-2039
2028,12,396.55475,26.91982,84.262924,25.247816,28.59183,7710.079555,3.3440140000000014,2020-2039
2029,1,125.653015,26.507856,80.49839,24.855463,28.16025,7547.402,3.304787000000001,2020-2039
2029,2,102.27492,26.534334,81.85813,24.775045,28.29362,7462.73049,3.518575000000002,2020-2039
2029,3,86.05159,27.355738,80.36003,25.346186,29.36529,7329.90294,4.019104000000002,2020-2039
2029,4,135.45819,27.944517,81.27875,25.984068,29.904968,7270.76675,3.9208999999999996,2020-2039
2029,5,134.9906,27.695126,81.0421,25.716764,29.673489,7191.22705,3.9567249999999987,2020-2039
2029,6,147.74857,28.103783,82.07892,26.154518,30.053047,7146.6645499999995,3.898529,2020-2039
2029,7,195.73148,27.77501,82.80469,25.876732,29.673285,7144.25641,3.7965529999999994,2020-2039
2029,8,219.71613,27.5699,82.25213,25.62922,29.510582,7227.05734,3.8813619999999993,2020-2039
2029,9,170.99557,27.776855,81.87282,25.825056,29.728657,7207.69164,3.9036009999999983,2020-2039
2029,10,336.8283,27.175158,83.95937,25.297577,29.052734,7267.9546900000005,3.7551570000000005,2020-2039
2029,11,350.44238,26.692009,84.08474,24.92197,28.462048,7291.49369,3.5400779999999976,2020-2039
2029,12,331.50943,26.667042,85.19522,24.986498,28.347586,7315.82932,3.3610879999999987,2020-2039
2030,1,242.49132,25.972101,84.537796,24.440483,27.503721,7366.31748,3.0632379999999984,2020-2039
2030,2,89.83347,26.541687,81.7254,24.786865,28.296509,7335.5180900000005,3.5096440000000015,2020-2039
2030,3,160.00465,26.939991,81.39972,25.083252,28.796726,7411.43914,3.713473999999998,2020-2039
2030,4,128.80133,27.76791,80.968895,25.809118,29.726702,7363.45229,3.917583999999998,2020-2039
2030,5,230.8722,28.359055,83.05309,26.450142,30.267965,7389.1916200000005,3.8178230000000006,2020-2039
2030,6,275.68774,27.63831,83.1852,25.753338,29.523285,7426.886750000001,3.769947000000002,2020-2039
2030,7,185.38953,27.469267,82.297935,25.519182,29.419348,7381.85568,3.9001659999999987,2020-2039
2030,8,236.91158,27.320766,83.223236,25.447062,29.194473,7419.98474,3.7474109999999996,2020-2039
2030,9,162.76729,27.764635,82.203575,25.804142,29.725126,7385.36607,3.9209840000000007,2020-2039
2030,10,302.89505,27.230127,83.57432,25.362314,29.097944,7408.2154199999995,3.735629999999997,2020-2039
2030,11,313.59244,27.259647,83.857994,25.440453,29.07884,7441.74146,3.638386999999998,2020-2039
2030,12,263.05,26.810144,83.23284,25.109814,28.510475,7366.70391,3.4006609999999995,2020-2039
2031,1,249.6274,26.53787,84.16135,24.938467,28.137274,7414.54939,3.198807000000002,2020-2039
2031,2,92.06561,27.184954,82.18063,25.436903,28.933004,7379.967715000001,3.4961009999999995,2020-2039
2031,3,124.21214,27.235039,81.68922,25.432035,29.03804,7343.682965,3.6060049999999997,2020-2039
2031,4,147.1981,27.85705,82.10624,25.927925,29.786173,7351.5443350000005,3.8582480000000032,2020-2039
2031,5,174.41687,28.045094,82.412346,26.165075,29.925112,7353.913735,3.760036999999997,2020-2039
2031,6,173.63416,28.5004,82.22854,26.54186,30.458942,7394.043635,3.9170820000000006,2020-2039
2031,7,230.56631,27.839432,82.48246,25.864609,29.814255,7427.9005050000005,3.9496459999999978,2020-2039
2031,8,188.14003,27.876637,82.07051,25.934305,29.818968,7449.009365,3.8846630000000033,2020-2039
2031,9,184.05067,27.97444,82.11237,25.991337,29.957542,7448.047985,3.9662049999999986,2020-2039
2031,10,317.6368,27.606462,83.38586,25.674072,29.538855,7494.464445,3.8647830000000027,2020-2039
2031,11,305.46866,27.30302,82.91075,25.474644,29.131397,7513.268275,3.6567529999999984,2020-2039
2031,12,326.81848,26.760708,83.25309,25.08861,28.432808,7443.532005,3.3441980000000022,2020-2039
2032,1,207.81613,26.32335,82.266266,24.667141,27.97956,7525.69512,3.3124189999999984,2020-2039
2032,2,155.32262,26.759766,83.47937,25.057518,28.462017,7578.74282,3.4044989999999977,2020-2039
2032,3,119.6267,27.39231,80.99802,25.542685,29.241936,7612.31793,3.6992510000000003,2020-2039
2032,4,174.41235,27.716152,81.61591,25.81393,29.618372,7651.27209,3.8044420000000017,2020-2039
2032,5,187.09517,28.125864,82.080376,26.180445,30.071287,7703.37666,3.890842000000003,2020-2039
2032,6,176.5603,28.151283,81.93472,26.172737,30.129827,7732.18839,3.9570899999999973,2020-2039
2032,7,142.39053,27.834238,81.19958,25.846998,29.821474,7678.84744,3.9744759999999992,2020-2039
2032,8,206.3863,27.471575,82.400406,25.58978,29.35337,7665.51761,3.7635900000000007,2020-2039
2032,9,192.53917,27.589338,82.33245,25.657803,29.520878,7687.06121,3.8630749999999985,2020-2039
2032,10,214.51744,27.438519,82.53777,25.537012,29.340027,7564.75035,3.8030149999999985,2020-2039
2032,11,326.1793,27.000124,83.67512,25.164177,28.836075,7540.4872700000005,3.6718980000000023,2020-2039
2032,12,297.82532,26.790806,84.671234,25.125801,28.455814,7506.80316,3.330013000000001,2020-2039
2033,1,164.58252,26.933546,82.62124,25.268957,28.598135,7428.89436,3.329177999999999,2020-2039
2033,2,77.74838,26.906807,81.88817,25.134323,28.67929,7416.80927,3.5449670000000033,2020-2039
2033,3,78.87083,27.2451,80.854256,25.291908,29.19829,7335.67545,3.9063820000000007,2020-2039
2033,4,95.15174,27.91328,80.1273,25.80972,30.01684,7302.02586,4.20712,2020-2039
2033,5,117.05359,28.154623,80.68064,26.089504,30.219742,7188.2072499999995,4.1302379999999985,2020-2039
2033,6,169.32603,28.353907,82.29835,26.439352,30.268457,7081.845539999999,3.829105000000002,2020-2039
2033,7,274.56586,27.802885,83.189804,25.860426,29.745346,7171.0218700000005,3.884920000000001,2020-2039
2033,8,211.30621,27.90582,82.24546,25.996452,29.81519,7145.4165,3.8187379999999997,2020-2039
2033,9,240.4554,27.757507,81.92297,25.764912,29.750103,7223.10461,3.9851910000000004,2020-2039
2033,10,271.89447,27.74753,82.36672,25.796263,29.698793,7192.10403,3.9025299999999987,2020-2039
2033,11,336.46356,27.350647,83.757034,25.47246,29.228834,7214.97515,3.7563739999999974,2020-2039
2033,12,332.0049,26.858248,84.16931,25.151737,28.564756,7283.93005,3.4130189999999985,2020-2039
2034,1,380.3734,26.361393,85.090485,24.855068,27.867722,7414.67605,3.0126540000000013,2020-2039
2034,2,142.11327,26.871346,83.10473,25.170736,28.571953,7464.72371,3.401216999999999,2020-2039
2034,3,175.59116,27.25198,82.0235,25.431076,29.072886,7516.1027300000005,3.6418099999999995,2020-2039
2034,4,183.17857,27.988916,81.34239,26.109076,29.868761,7552.0832,3.7596849999999975,2020-2039
2034,5,172.30865,28.53619,81.262215,26.49749,30.57489,7549.97498,4.077400000000001,2020-2039
2034,6,162.06465,28.011442,79.89131,25.95273,30.070154,7538.40547,4.117424,2020-2039
2034,7,149.8009,28.007692,80.8488,25.989632,30.025751,7457.64006,4.036118999999999,2020-2039
2034,8,185.44841,27.731268,80.52434,25.673172,29.789366,7454.94844,4.116194,2020-2039
2034,9,216.30014,27.589878,82.48558,25.660233,29.519522,7487.19791,3.859288999999997,2020-2039
2034,10,256.87576,27.421072,82.82942,25.489683,29.352463,7426.43687,3.8627800000000008,2020-2039
2034,11,298.50363,27.39026,83.61848,25.553238,29.227283,7419.47184,3.6740449999999996,2020-2039
2034,12,280.9345,26.854712,83.990395,25.179882,28.529541,7373.58786,3.349658999999999,2020-2039
2035,1,339.21085,26.576187,84.105,24.962337,28.190039,7504.98258,3.227701999999997,2020-2039
2035,2,78.64716,27.208015,80.78069,25.371025,29.045002,7428.30712,3.6739770000000007,2020-2039
2035,3,92.00684,27.682697,79.863556,25.71013,29.655262,7400.687260000001,3.945132000000001,2020-2039
2035,4,117.38586,28.308558,81.019424,26.307621,30.309496,7343.6607699999995,4.001874999999998,2020-2039
2035,5,197.22665,28.536846,81.919876,26.58745,30.48624,7353.79225,3.898789999999998,2020-2039
2035,6,237.73616,28.355343,82.33753,26.481287,30.229397,7414.96811,3.7481100000000005,2020-2039
2035,7,213.43854,27.97798,81.89013,26.013107,29.942852,7486.01612,3.929744999999997,2020-2039
2035,8,222.56677,27.81183,82.70697,25.922018,29.701641,7502.1965900000005,3.7796229999999973,2020-2039
2035,9,255.04395,27.791183,82.320076,25.852938,29.729431,7564.70137,3.876493,2020-2039
2035,10,279.7082,27.585464,82.76547,25.638296,29.532635,7629.892129999999,3.8943389999999987,2020-2039
2035,11,339.93567,27.216,84.21424,25.414345,29.017656,7643.6485,3.603310999999998,2020-2039
2035,12,259.5352,27.13086,83.032715,25.433289,28.82843,7605.35838,3.3951410000000024,2020-2039
2036,1,264.07742,26.447405,83.718925,24.860317,28.034496,7704.85328,3.1741790000000023,2020-2039
2036,2,128.38716,26.859707,82.45185,25.125202,28.594212,7755.49206,3.4690099999999973,2020-2039
2036,3,153.00438,27.719337,82.13036,25.881418,29.557259,7829.62561,3.6758409999999984,2020-2039
2036,4,185.1494,28.329758,82.69911,26.445955,30.213564,7919.62327,3.767609,2020-2039
2036,5,204.81227,28.596962,81.822174,26.613543,30.580381,8007.38195,3.966837999999999,2020-2039
2036,6,204.27837,28.261105,81.583916,26.284536,30.23767,8042.33429,3.953134000000002,2020-2039
2036,7,126.46498,28.244825,80.51118,26.254663,30.234985,7894.23341,3.980322000000001,2020-2039
2036,8,141.12834,28.221958,79.88783,26.130432,30.313486,7824.05554,4.183054000000002,2020-2039
2036,9,225.18578,27.97732,81.535995,25.999502,29.955135,7808.78592,3.955632999999999,2020-2039
2036,10,314.37543,27.429153,83.27094,25.546814,29.311493,7851.26688,3.7646789999999974,2020-2039
2036,11,270.33035,27.40047,82.78604,25.539135,29.261805,7785.133669999999,3.7226699999999973,2020-2039
2036,12,300.598,26.933155,84.724686,25.28792,28.578384,7753.72677,3.290464,2020-2039
2037,1,212.84409,26.853706,83.46639,25.25763,28.449787,7586.19746,3.1921570000000017,2020-2039
2037,2,115.85352,27.09125,81.48671,25.339996,28.842505,7559.937709999999,3.502509,2020-2039
2037,3,142.79935,27.668934,81.37787,25.86265,29.47522,7527.1458999999995,3.6125700000000016,2020-2039
2037,4,135.51828,28.15155,81.303474,26.215021,30.08808,7479.48561,3.8730590000000014,2020-2039
2037,5,134.30444,28.257542,80.88319,26.272907,30.242176,7441.4814,3.9692690000000006,2020-2039
2037,6,158.02522,28.716242,81.39635,26.759005,30.673475,7437.44197,3.9144700000000014,2020-2039
2037,7,181.70749,28.271988,81.15227,26.269278,30.274698,7469.34856,4.005420000000001,2020-2039
2037,8,195.12077,28.051273,80.99785,26.002163,30.100391,7479.02092,4.098227999999999,2020-2039
2037,9,234.7014,27.950724,81.99506,25.985819,29.91563,7497.42218,3.929811000000001,2020-2039
2037,10,289.43518,28.059155,82.80358,26.081024,30.037285,7529.9816,3.9562610000000014,2020-2039
2037,11,310.4422,27.443811,83.74803,25.68869,29.19893,7541.920169999999,3.5102399999999996,2020-2039
2037,12,294.69263,27.16859,84.14646,25.513262,28.823923,7555.6783000000005,3.3106609999999996,2020-2039
2038,1,205.6067,27.324018,84.127655,25.724882,28.923153,7422.07415,3.1982709999999983,2020-2039
2038,2,124.67314,27.693432,82.82878,25.96185,29.425014,7468.10013,3.4631640000000026,2020-2039
2038,3,178.97148,27.683939,81.74464,25.866766,29.50112,7555.06477,3.634354000000002,2020-2039
2038,4,161.92023,28.34642,81.80899,26.466831,30.22601,7599.59914,3.7591789999999996,2020-2039
2038,5,206.22566,28.667004,82.38754,26.739044,30.594963,7608.59815,3.855919,2020-2039
2038,6,160.91637,28.464613,80.90779,26.464725,30.4645,7531.77836,3.9997749999999996,2020-2039
2038,7,182.12297,28.094702,81.72055,26.106628,30.08278,7500.4627900000005,3.976151999999999,2020-2039
2038,8,113.308365,27.93117,79.94301,25.877144,29.985193,7391.204385,4.108048999999998,2020-2039
2038,9,181.75436,27.871162,81.85751,25.91162,29.830704,7317.914795000001,3.9190840000000016,2020-2039
2038,10,246.6829,27.691187,82.24492,25.750784,29.63159,7284.889495,3.8808059999999998,2020-2039
2038,11,344.0908,27.190287,83.64749,25.355185,29.02539,7289.0446249999995,3.670205000000003,2020-2039
2038,12,364.5114,26.764053,84.7504,25.136374,28.391735,7394.0208250000005,3.2553610000000006,2020-2039
2039,1,313.31433,26.495094,85.13695,24.898275,28.091911,7443.257735,3.193635999999998,2020-2039
2039,2,163.96933,27.102718,83.52044,25.436174,28.769264,7478.839905000001,3.3330899999999986,2020-2039
2039,3,123.85733,27.84312,80.99776,25.956789,29.729448,7449.692855,3.772659000000001,2020-2039
2039,4,137.88652,28.338306,80.832016,26.412106,30.264507,7402.429975,3.852400999999997,2020-2039
2039,5,161.36102,28.629143,80.61694,26.583557,30.67473,7358.978725000001,4.091173000000001,2020-2039
2039,6,119.66219,28.462698,79.81567,26.335499,30.589897,7274.362545000001,4.254398000000002,2020-2039
2039,7,153.71967,28.187838,81.1689,26.183977,30.191696,7301.617235,4.007719000000002,2020-2039
2039,8,158.59657,27.96318,80.677155,25.973274,29.953085,7319.085464999999,3.9798110000000015,2020-2039
2039,9,216.94597,27.837164,81.153,25.826488,29.847837,7310.845655,4.021348999999997,2020-2039
2039,10,308.2402,27.365469,83.1616,25.50903,29.221914,7304.710424999999,3.7128840000000025,2020-2039
2039,11,301.20654,27.42222,83.03534,25.575829,29.268614,7335.586614999999,3.6927850000000007,2020-2039
2039,12,369.36456,26.822895,84.20637,25.145618,28.50017,7404.353174999999,3.3545520000000018,2020-2039
2040,1,213.56097,26.683216,83.30585,25.088333,28.2781,7405.070055,3.189767,2020-2039
2040,2,228.6332,26.262524,82.862885,24.645239,27.879812,7517.849735000001,3.234573000000001,2020-2039
2040,3,133.09198,26.993618,83.76471,25.193445,28.793789,7508.142365,3.6003439999999998,2020-2039
2040,4,156.88313,27.987293,82.41524,26.059826,29.914766,7529.507215,3.854939999999999,2020-2039
2040,5,211.30078,28.176495,82.75954,26.296505,30.05649,7606.503555,3.7599850000000004,2020-2039
2040,6,169.94774,28.345234,81.74597,26.372055,30.31841,7618.426074999999,3.9463550000000005,2020-2039
2040,7,224.9934,27.937235,82.59665,26.045681,29.828789,7661.711985,3.783108000000002,2020-2039
2040,8,263.68185,27.709166,83.09007,25.826937,29.59139,7730.273065,3.7644529999999996,2020-2039
2040,9,163.60638,28.203424,81.730095,26.238756,30.168095,7659.178045000001,3.9293390000000024,2020-2039
2040,10,256.7767,27.774752,82.52442,25.845896,29.703606,7626.519565,3.857710000000001,2020-2039
2040,11,311.61514,27.570885,83.65281,25.72462,29.417149,7627.692505000001,3.692528999999997,2020-2039
2040,12,316.10733,27.315588,83.05212,25.643682,28.987488,7649.107205,3.3438060000000007,2020-2039
2041,1,213.97583,26.638216,82.748924,25.035612,28.240824,7657.476334999999,3.2052119999999995,2040-2059
2041,2,163.46893,27.023497,84.25245,25.405272,28.641722,7696.2721249999995,3.2364500000000014,2040-2059
2041,3,155.34023,27.91526,83.040306,26.096172,29.734343,7672.640875,3.638171,2040-2059
2041,4,172.69606,28.529123,82.19089,26.64549,30.412758,7683.416705,3.7672680000000014,2040-2059
2041,5,153.43306,28.489508,80.69958,26.4682,30.510817,7630.624105,4.042617,2040-2059
2041,6,173.87894,28.47911,82.0362,26.530012,30.428207,7643.586675,3.898195000000001,2040-2059
2041,7,169.68437,28.208975,81.07869,26.206285,30.211666,7631.148074999999,4.005381,2040-2059
2041,8,194.85927,28.271015,82.42493,26.34028,30.201748,7712.69898,3.8614679999999986,2040-2059
2041,9,223.98412,28.074745,82.10833,26.086687,30.0628,7754.928739999999,3.976112999999998,2040-2059
2041,10,335.35406,27.504704,83.688515,25.606035,29.403368,7843.5999,3.797333000000002,2040-2059
2041,11,289.57758,27.595505,83.56584,25.791668,29.399336,7789.08668,3.6076680000000003,2040-2059
2041,12,376.746,27.31678,85.23948,25.69269,28.940874,7801.32128,3.248184000000002,2040-2059
2042,1,271.44376,26.913311,82.93229,25.236946,28.589678,7759.450709999999,3.3527319999999996,2040-2059
2042,2,129.69942,27.183874,82.01219,25.409054,28.958693,7725.1808,3.549638999999999,2040-2059
2042,3,174.38535,27.793608,82.13153,25.98221,29.605005,7775.70882,3.622795,2040-2059
2042,4,132.80537,28.343483,80.32381,26.401243,30.285723,7770.62767,3.88448,2040-2059
2042,5,183.14609,28.821123,81.384384,26.82604,30.816206,7792.41274,3.990166000000002,2040-2059
2042,6,182.86899,28.408978,81.08767,26.409565,30.408386,7855.61954,3.9988209999999995,2040-2059
2042,7,133.60118,28.235733,80.6971,26.24507,30.226398,7835.50105,3.9813280000000013,2040-2059
2042,8,185.08466,27.999586,81.0807,26.108484,29.890686,7861.989140000001,3.782201999999998,2040-2059
2042,9,117.108,27.95351,79.46222,25.878147,30.02887,7762.15117,4.150723000000003,2040-2059
2042,10,220.85402,27.623558,82.55587,25.656488,29.59063,7674.764990000001,3.9341420000000014,2040-2059
2042,11,310.13406,27.35725,83.56043,25.547922,29.166578,7683.692510000001,3.6186560000000014,2040-2059
2042,12,323.30273,26.885965,84.20752,25.268517,28.503414,7637.63068,3.234897,2040-2059
2043,1,129.728,27.122007,83.02476,25.400074,28.843939,7553.79771,3.443864999999999,2040-2059
2043,2,81.348885,27.640379,79.24628,25.739395,29.541367,7406.513395,3.801972000000003,2040-2059
2043,3,94.738434,28.218275,79.63471,26.256813,30.17974,7368.159849000001,3.922926999999998,2040-2059
2043,4,91.20409,28.588366,79.72367,26.504913,30.671816,7302.480809000001,4.166903000000001,2040-2059
2043,5,182.1292,28.744492,81.84579,26.811731,30.677252,7273.3092289999995,3.8655209999999975,2040-2059
2043,6,178.69826,28.97162,81.11033,26.963505,30.979734,7282.059749,4.016228999999999,2040-2059
2043,7,261.27338,28.383049,82.17389,26.382858,30.383238,7318.339728999999,4.00038,2040-2059
2043,8,265.9649,28.131767,82.439354,26.184673,30.078857,7320.622779,3.894183999999999,2040-2059
2043,9,181.79384,28.311098,81.298134,26.306286,30.31591,7338.8102389999995,4.009623999999999,2040-2059
2043,10,300.73517,27.844288,83.37558,25.940123,29.748455,7382.768709,3.808332,2040-2059
2043,11,373.28207,27.530315,83.98901,25.736536,29.324095,7444.435639,3.587558999999999,2040-2059
2043,12,326.0848,27.261835,84.91652,25.611526,28.912148,7454.413108999999,3.300621999999997,2040-2059
2044,1,318.1597,27.120235,83.52328,25.490532,28.749937,7558.596979,3.2594049999999974,2040-2059
2044,2,181.71967,27.373926,83.40033,25.698437,29.049417,7576.847719,3.35098,2040-2059
2044,3,170.87556,28.22064,82.24301,26.412466,30.02881,7592.383048999999,3.6163440000000016,2040-2059
2044,4,121.82334,28.71158,80.55193,26.73409,30.689068,7541.510329,3.9549780000000005,2040-2059
2044,5,175.53809,28.878992,81.24239,26.855616,30.902367,7563.615358999999,4.046751,2040-2059
2044,6,97.40078,28.90331,79.634186,26.780928,31.025698,7487.137199000001,4.244769999999999,2040-2059
2044,7,180.17297,27.979618,80.77753,25.924135,30.035097,7497.6257989999995,4.110962000000001,2040-2059
2044,8,246.21361,27.95783,82.11537,26.01767,29.89799,7548.980138999999,3.880320000000001,2040-2059
2044,9,259.10812,27.957575,82.28657,26.026943,29.888208,7584.104139,3.8612649999999995,2040-2059
2044,10,329.55145,27.702564,83.22984,25.774992,29.630138,7578.301528999999,3.8551459999999977,2040-2059
2044,11,300.09995,27.390501,83.26232,25.611584,29.169415,7588.823898999999,3.557831,2040-2059
2044,12,379.91354,27.255707,84.81031,25.631569,28.879845,7591.991438999999,3.2482760000000006,2040-2059
2045,1,146.16492,27.289131,82.631744,25.635347,28.942913,7466.7125989999995,3.3075660000000013,2040-2059
2045,2,136.16629,27.062635,81.797646,25.35702,28.768251,7473.179469,3.411231000000001,2040-2059
2045,3,180.77234,27.572866,82.83173,25.811152,29.334583,7479.566459,3.5234309999999986,2040-2059
2045,4,130.64287,28.286133,81.534935,26.33993,30.232334,7477.403959,3.8924040000000026,2040-2059
2045,5,141.28973,28.508074,81.159096,26.55334,30.462809,7435.5475989999995,3.9094690000000014,2040-2059
2045,6,141.14113,28.695415,81.101685,26.676022,30.71481,7393.819739,4.038788,2040-2059
2045,7,201.8638,28.217783,81.80622,26.297367,30.1382,7462.082359,3.840833,2040-2059
2045,8,237.93658,28.000326,81.908066,26.087204,29.913446,7514.934278999999,3.8262420000000006,2040-2059
2045,9,170.80643,28.200438,81.11185,26.186869,30.214012,7568.6327089999995,4.027142999999999,2040-2059
2045,10,290.50262,27.524334,82.89722,25.643719,29.404947,7638.281309,3.761227999999999,2040-2059
2045,11,321.24796,27.583586,84.03279,25.769163,29.398006,7649.395208999999,3.628843,2040-2059
2045,12,359.49814,27.391548,84.80122,25.714813,29.068283,7685.590619,3.3534700000000015,2040-2059
2046,1,239.47469,27.383102,83.24862,25.745028,29.021175,7795.337309,3.276146999999998,2040-2059
2046,2,179.6478,27.505703,82.575264,25.795984,29.21542,7893.636224,3.419436000000001,2040-2059
2046,3,122.00611,27.910902,81.00549,26.05116,29.770643,7920.903899999999,3.7194830000000003,2040-2059
2046,4,134.54123,28.470474,81.2005,26.54441,30.396542,7964.241039999999,3.852132000000001,2040-2059
2046,5,203.85608,28.651875,81.67377,26.676605,30.627142,7985.96792,3.9505370000000006,2040-2059
2046,6,174.71437,28.619377,81.68588,26.668905,30.569849,7981.98403,3.9009440000000026,2040-2059
2046,7,197.09995,28.47342,81.44922,26.490587,30.456253,7917.810599999999,3.965665999999999,2040-2059
2046,8,157.43135,28.529018,81.426865,26.564068,30.493967,7809.27705,3.9298990000000025,2040-2059
2046,9,232.07631,28.267471,81.89449,26.258518,30.276426,7859.55952,4.017908000000002,2040-2059
2046,10,252.67343,27.751411,82.50612,25.780699,29.722126,7811.49778,3.941427000000001,2040-2059
2046,11,338.92307,26.934452,84.48675,25.184256,28.68465,7777.13878,3.500394,2040-2059
2046,12,292.59836,26.963556,84.64227,25.313501,28.61361,7743.652340000001,3.3001090000000026,2040-2059
2047,1,264.31256,27.036097,83.78314,25.410883,28.661306,7689.8052,3.2504230000000014,2040-2059
2047,2,194.92822,27.423977,83.88575,25.765085,29.082872,7703.01375,3.317786999999999,2040-2059
2047,3,104.679146,27.95422,80.48009,26.05312,29.85532,7636.817336,3.802199999999999,2040-2059
2047,4,121.447876,28.472979,81.07352,26.443502,30.502457,7636.441872,4.058955000000001,2040-2059
2047,5,206.03656,28.611898,81.76601,26.736212,30.487583,7666.940342,3.7513710000000025,2040-2059
2047,6,179.09433,28.942308,81.3323,26.96576,30.918861,7748.633892,3.953101,2040-2059
2047,7,198.34723,28.596624,80.614716,26.602417,30.590834,7766.808152,3.988417000000002,2040-2059
2047,8,192.60756,28.330969,81.2852,26.35559,30.306349,7713.202102,3.9507590000000015,2040-2059
2047,9,154.18416,28.31045,81.06915,26.309746,30.311155,7608.278142,4.001408999999999,2040-2059
2047,10,267.63574,27.748894,82.38363,25.794367,29.703424,7546.362432,3.909056999999997,2040-2059
2047,11,264.04837,27.575674,83.427505,25.71712,29.43423,7510.3108520000005,3.717109999999998,2040-2059
2047,12,294.53873,27.347145,83.88298,25.696718,28.997574,7424.936042,3.3008559999999996,2040-2059
2048,1,244.69064,26.832308,83.56884,25.201632,28.462982,7523.461762,3.26135,2040-2059
2048,2,137.77292,27.009842,82.37616,25.317558,28.702127,7525.068391999999,3.3845690000000026,2040-2059
2048,3,117.47525,27.80139,80.7483,25.893555,29.70922,7461.771302,3.815664999999999,2040-2059
2048,4,188.39804,28.60128,82.38433,26.678835,30.523724,7519.526472,3.844889000000002,2040-2059
2048,5,218.87105,28.789986,82.60954,26.874792,30.70518,7597.107792,3.8303879999999992,2040-2059
2048,6,207.38745,28.560099,82.53543,26.6195,30.500702,7663.354112,3.881202000000002,2040-2059
2048,7,212.89732,28.175486,82.25845,26.250162,30.100807,7674.387632,3.850645,2040-2059
2048,8,103.31525,28.28689,80.01302,26.31591,30.257872,7539.766302,3.941962,2040-2059
2048,9,182.42947,28.131407,81.46912,26.138565,30.124245,7551.3893419999995,3.9856799999999986,2040-2059
2048,10,249.4772,28.042107,82.314026,26.071898,30.012318,7510.363922,3.9404199999999996,2040-2059
2048,11,304.92715,27.887524,83.50573,26.081167,29.69388,7494.043112,3.6127129999999994,2040-2059
2048,12,350.0231,27.736635,83.49127,26.08544,29.387829,7484.568072,3.3023890000000016,2040-2059
2049,1,232.42569,27.399836,82.23275,25.717638,29.082031,7477.519072,3.3643929999999997,2040-2059
2049,2,98.61545,27.50465,79.95757,25.700773,29.308525,7396.486722,3.607751999999998,2040-2059
2049,3,142.41911,28.263483,81.780235,26.414202,30.112759,7416.899722,3.698557000000001,2040-2059
2049,4,125.06209,28.535913,80.68903,26.567734,30.504087,7407.420582000001,3.936352999999997,2040-2059
2049,5,185.47849,28.81268,81.692406,26.896523,30.728838,7389.042992,3.8323150000000012,2040-2059
2049,6,241.605,28.776196,81.90796,26.823685,30.728704,7455.9336220000005,3.9050189999999994,2040-2059
2049,7,201.34619,28.34258,81.87545,26.41023,30.274931,7460.179862000001,3.864701,2040-2059
2049,8,230.31886,28.079916,82.47307,26.157927,30.001907,7533.0673719999995,3.8439799999999984,2040-2059
2049,9,260.03415,27.887035,82.84992,25.989136,29.784931,7561.0252120000005,3.795795000000002,2040-2059
2049,10,281.8809,27.929829,82.70345,26.01621,29.84345,7590.232682000001,3.8272399999999998,2040-2059
2049,11,389.43427,27.66374,84.63723,25.847595,29.479883,7640.743882,3.6322880000000026,2040-2059
2049,12,277.13565,27.308697,82.67182,25.65614,28.961252,7625.281172,3.305112000000001,2040-2059
2050,1,292.8685,27.02157,84.55728,25.420887,28.622253,7653.837112,3.201366,2040-2059
2050,2,222.8145,26.92509,84.22139,25.28295,28.567236,7681.723392,3.2842860000000016,2040-2059
2050,3,203.4065,27.583765,83.71477,25.804457,29.363077,7780.450746,3.5586200000000012,2040-2059
2050,4,184.98819,28.053307,82.80023,26.184141,29.922474,7843.99106,3.738333000000001,2040-2059
2050,5,210.42761,28.538115,82.72731,26.61504,30.461187,7848.38211,3.8461469999999984,2040-2059
2050,6,165.66936,28.298887,80.989944,26.28076,30.317017,7834.9571399999995,4.036256999999999,2040-2059
2050,7,161.97449,28.35688,81.19058,26.389471,30.32429,7798.584400000001,3.934819000000001,2040-2059
2050,8,188.689,28.367323,81.293,26.336184,30.398466,7794.66584,4.062282,2040-2059
2050,9,253.25627,28.181166,82.49006,26.236519,30.12581,7893.73795,3.889291,2040-2059
2050,10,326.29965,27.761183,83.149185,25.833565,29.6888,7952.40186,3.8552350000000004,2040-2059
2050,11,188.35268,27.956993,81.35781,26.102123,29.811861,7876.7061699999995,3.7097380000000015,2040-2059
2050,12,303.23154,27.351746,83.94616,25.697796,29.005692,7885.39898,3.3078959999999995,2040-2059
2051,1,113.02347,26.189005,81.1168,24.554176,27.823837,7753.73181,3.269661000000003,2040-2059
2051,2,96.961464,26.801779,80.71831,25.005768,28.59779,7712.920354000001,3.592022,2040-2059
2051,3,101.261765,27.594404,81.09472,25.685387,29.503422,7696.706869,3.818035000000002,2040-2059
2051,4,152.08287,28.525356,81.90381,26.60016,30.450562,7660.391699,3.8504020000000025,2040-2059
2051,5,203.744,28.518852,82.26669,26.622278,30.41542,7645.264649000001,3.7931419999999996,2040-2059
2051,6,171.46602,28.627008,81.3432,26.700706,30.55331,7609.343219,3.8526039999999995,2040-2059
2051,7,239.5329,28.289974,82.6226,26.340212,30.239737,7635.978799,3.8995250000000006,2040-2059
2051,8,189.81966,28.28287,81.97152,26.349482,30.216251,7722.483209,3.8667690000000015,2040-2059
2051,9,208.54996,28.229834,81.62037,26.240732,30.218931,7748.603699,3.978199,2040-2059
2051,10,256.34177,27.931986,82.75864,26.006138,29.857834,7755.468269,3.8516960000000005,2040-2059
2051,11,337.7895,27.939283,83.76969,26.124985,29.753582,7788.330618999999,3.6285970000000027,2040-2059
2051,12,328.77588,27.576378,83.50734,25.890394,29.26236,7767.083399,3.3719660000000005,2040-2059
2052,1,207.32959,27.075861,82.29766,25.41821,28.733513,7741.987299,3.315303,2040-2059
2052,2,111.97927,27.314621,81.024704,25.592201,29.037045,7755.351119,3.444844,2040-2059
2052,3,106.39616,27.709007,81.25112,25.81244,29.60557,7719.328169,3.7931300000000014,2040-2059
2052,4,86.49582,28.550508,79.5742,26.437698,30.663315,7680.761899,4.225617,2040-2059
2052,5,163.3183,28.916153,81.74376,26.961689,30.870619,7658.6017090000005,3.9089300000000016,2040-2059
2052,6,200.10207,28.88386,82.15704,26.958963,30.808754,7617.098779,3.8497909999999997,2040-2059
2052,7,181.05783,28.43802,81.665054,26.482178,30.393864,7596.8104189999995,3.9116859999999996,2040-2059
2052,8,130.24866,28.473612,80.733635,26.438444,30.50878,7496.740219,4.070336000000001,2040-2059
2052,9,169.89337,28.392853,81.204956,26.367512,30.41819,7406.599439,4.050677999999998,2040-2059
2052,10,215.61227,28.12036,81.98065,26.185884,30.054834,7340.330808999999,3.868949999999998,2040-2059
2052,11,361.94662,27.926563,83.53563,26.081049,29.772078,7312.843159,3.6910290000000003,2040-2059
2052,12,323.6425,27.61442,82.88574,25.928345,29.300493,7359.350009,3.3721479999999993,2040-2059
2053,1,188.36887,27.5787,82.49386,25.937778,29.21962,7254.850379,3.2818419999999975,2040-2059
2053,2,145.34908,27.799747,81.735535,26.023373,29.57612,7177.384959,3.552747,2040-2059
2053,3,93.32288,28.521854,80.93838,26.590723,30.452993,7067.301339,3.8622699999999988,2040-2059
2053,4,148.53471,28.81004,81.48419,26.894693,30.725384,7030.8478589999995,3.830690999999998,2040-2059
2053,5,208.40947,29.069897,82.3859,27.154547,30.985247,7028.829718999999,3.8307,2040-2059
2053,6,252.89891,28.797216,82.86104,26.899273,30.695162,7116.059269,3.795888999999999,2040-2059
2053,7,259.20016,28.374697,82.75325,26.424582,30.324806,7213.284938999999,3.900223999999998,2040-2059
2053,8,199.23314,28.640211,82.75355,26.768456,30.511967,7223.829079,3.743510999999998,2040-2059
2053,9,252.75536,28.377153,82.45616,26.390959,30.36335,7223.328169,3.972391000000002,2040-2059
2053,10,274.6414,28.070652,82.15894,26.145525,29.995777,7171.669919,3.850252000000001,2040-2059
2053,11,287.88516,27.953417,83.601425,26.14061,29.766222,7271.202399,3.6256120000000003,2040-2059
2053,12,303.1502,27.085325,83.1112,25.448841,28.721807,7271.121058999999,3.2729659999999967,2040-2059
2054,1,80.23907,26.089897,79.54893,24.31462,27.865175,7238.336659,3.5505549999999992,2040-2059
2054,2,128.68788,26.723967,82.81026,24.96089,28.48704,7270.063074999999,3.5261500000000012,2040-2059
2054,3,128.69214,27.692757,82.22861,25.83742,29.548094,7297.49345,3.7106739999999974,2040-2059
2054,4,128.16129,28.711939,82.067894,26.754187,30.669695,7273.57187,3.915507999999999,2040-2059
2054,5,160.01646,28.896584,81.01871,26.909956,30.883211,7229.844329999999,3.973254999999998,2040-2059
2054,6,218.13942,28.921286,81.9918,27.003077,30.839495,7276.51773,3.8364179999999983,2040-2059
2054,7,224.89047,28.56306,82.388756,26.62685,30.499271,7261.8753,3.8724209999999992,2040-2059
2054,8,236.35022,28.374018,82.7673,26.481886,30.26615,7308.40586,3.7842640000000003,2040-2059
2054,9,190.6277,28.407686,82.01519,26.481028,30.334347,7290.4836,3.8533190000000026,2040-2059
2054,10,287.45016,27.924582,82.70323,25.983677,29.865484,7321.59199,3.8818069999999985,2040-2059
2054,11,335.5897,27.753391,84.046455,25.962154,29.54463,7319.39219,3.5824759999999998,2040-2059
2054,12,473.52063,27.42716,84.93095,25.759214,29.095106,7464.136939999999,3.335892000000001,2040-2059
2055,1,272.6387,27.316183,83.36351,25.668478,28.96389,7529.44605,3.295411999999999,2040-2059
2055,2,228.18661,27.562479,83.3345,25.852596,29.272364,7645.6533899999995,3.4197680000000013,2040-2059
2055,3,181.76833,28.087017,81.82619,26.306917,29.867119,7721.025559999999,3.5602020000000003,2040-2059
2055,4,177.95728,28.435324,82.195496,26.546606,30.324041,7812.48702,3.7774350000000005,2040-2059
2055,5,183.68257,28.870262,81.74902,26.904682,30.835842,7832.85129,3.9311599999999984,2040-2059
2055,6,114.54676,28.862137,80.51912,26.792187,30.932087,7747.29598,4.139900000000001,2040-2059
2055,7,159.49515,28.527163,80.557686,26.520979,30.533342,7725.7333,4.012363000000001,2040-2059
2055,8,190.75221,28.239916,81.121956,26.278584,30.201252,7786.236849999999,3.9226680000000016,2040-2059
2055,9,174.94968,28.155012,81.08827,26.145203,30.164822,7791.29316,4.019619000000002,2040-2059
2055,10,284.20798,27.52401,82.888306,25.615507,29.432512,7859.88887,3.817004999999998,2040-2059
2055,11,279.421,27.590864,83.52394,25.73754,29.444187,7777.363249999999,3.7066470000000002,2040-2059
2055,12,352.16608,27.44382,84.24449,25.782486,29.10516,7805.8868299999995,3.322674000000003,2040-2059
2056,1,179.70335,27.376923,82.23576,25.661528,29.092318,7797.221309999999,3.4307899999999982,2040-2059
2056,2,86.07592,27.643316,81.551674,25.847952,29.438683,7737.948149999999,3.5907310000000017,2040-2059
2056,3,96.43207,28.715086,80.7024,26.706978,30.723192,7741.057339999999,4.0162140000000015,2040-2059
2056,4,108.783844,29.220762,80.559235,27.121683,31.319843,7701.306474,4.198159999999998,2040-2059
2056,5,203.87863,29.170767,81.36681,27.241884,31.099648,7696.7756340000005,3.8577639999999995,2040-2059
2056,6,215.5263,29.231607,82.102806,27.252375,31.210842,7659.403023999999,3.958466999999999,2040-2059
2056,7,276.79492,28.471302,83.19408,26.540289,30.40232,7676.997784,3.862030999999998,2040-2059
2056,8,228.55515,28.72821,82.52647,26.828648,30.627773,7706.319794,3.799125,2040-2059
2056,9,277.40945,28.522112,82.93819,26.599274,30.44495,7730.973883999999,3.8456759999999974,2040-2059
2056,10,315.9424,28.165478,83.1232,26.263073,30.067888,7772.274884,3.8048150000000014,2040-2059
2056,11,388.92935,27.704027,84.31932,25.934584,29.473473,7873.319074,3.5388889999999975,2040-2059
2056,12,346.5991,27.414858,84.67994,25.786188,29.04353,7916.767974,3.2573420000000013,2040-2059
2057,1,243.10857,27.181856,83.83292,25.610659,28.753052,8079.637473999999,3.142393000000002,2040-2059
2057,2,148.9291,26.937584,83.72171,25.308405,28.566763,8099.878694,3.258358000000001,2040-2059
2057,3,213.82036,27.744703,83.6495,25.976267,29.513138,8185.006914,3.5368710000000014,2040-2059
2057,4,137.65614,28.500008,81.52471,26.586224,30.41379,8194.501764,3.8275659999999974,2040-2059
2057,5,220.7078,28.855915,82.533066,26.931618,30.78021,8255.193104,3.848592,2040-2059
2057,6,279.63693,28.206745,83.13977,26.297974,30.115517,8316.690614,3.8175430000000006,2040-2059
2057,7,128.40787,28.489998,80.688354,26.535334,30.44466,8220.208014,3.909326,2040-2059
2057,8,133.8916,28.298069,80.24806,26.312193,30.283945,8117.749394,3.9717519999999986,2040-2059
2057,9,209.7626,28.140596,81.633865,26.130611,30.150578,8136.884294,4.019967000000001,2040-2059
2057,10,283.82187,27.725712,83.172775,25.819902,29.631523,8133.256004,3.8116210000000024,2040-2059
2057,11,298.46997,27.702137,83.36859,25.869514,29.534756,8096.136274,3.6652420000000028,2040-2059
2057,12,397.79718,27.334839,85.47805,25.714155,28.955523,8020.412824,3.241367999999998,2040-2059
2058,1,129.08437,27.713575,82.42618,25.979017,29.448133,7876.858494,3.4691159999999996,2040-2059
2058,2,73.49125,27.912477,80.504715,26.090666,29.73429,7722.163134,3.6436240000000026,2040-2059
2058,3,64.79035,28.244246,78.539,26.2236,30.264894,7605.185154000001,4.041294000000001,2040-2059
2058,4,97.83931,28.587767,79.58236,26.485971,30.689562,7525.0671839999995,4.203590999999999,2040-2059
2058,5,145.14185,29.146904,81.35887,27.156261,31.137548,7486.526464,3.9812869999999982,2040-2059
2058,6,212.60947,28.928875,82.03569,26.977276,30.880472,7584.589174,3.903196000000001,2040-2059
2058,7,223.9325,28.56283,82.10345,26.600164,30.525496,7649.026524,3.925332000000001,2040-2059
2058,8,178.05113,28.66916,81.620285,26.755266,30.583055,7636.325444,3.8277890000000028,2040-2059
2058,9,230.43343,28.414557,82.632195,26.513838,30.315275,7691.8091939999995,3.801437,2040-2059
2058,10,304.60135,28.031708,83.24672,26.104273,29.959143,7712.202564,3.854870000000002,2040-2059
2058,11,423.16626,27.436094,83.80279,25.63456,29.237627,7855.947824,3.6030669999999994,2040-2059
2058,12,316.02933,26.999283,85.00734,25.333017,28.665546,7819.811074,3.3325289999999974,2040-2059
2059,1,309.49484,26.707546,85.33383,25.15711,28.257984,7949.602564000001,3.100874000000001,2040-2059
2059,2,170.95967,27.32841,83.2528,25.626575,29.030243,8034.486314,3.4036679999999997,2040-2059
2059,3,197.53676,27.899933,82.93812,26.088688,29.711182,8135.591004,3.6224939999999997,2040-2059
2059,4,176.379,28.62989,82.67319,26.727657,30.53212,8203.18616,3.8044629999999984,2040-2059
2059,5,182.31479,28.85439,82.01614,26.860855,30.847925,8181.6223199999995,3.9870699999999992,2040-2059
2059,6,151.41174,28.607653,81.04238,26.616297,30.599007,8117.50776,3.982710000000001,2040-2059
2059,7,180.64401,28.491953,81.233284,26.476248,30.507662,8021.35685,4.031414000000002,2040-2059
2059,8,184.89783,28.487715,81.14822,26.503225,30.472204,7977.69953,3.968979000000001,2040-2059
2059,9,205.52573,28.449318,81.611694,26.45453,30.444103,7905.81581,3.989573,2040-2059
2059,10,256.7051,27.91323,82.10894,25.992887,29.833574,7846.578509999999,3.840686999999999,2040-2059
2059,11,303.02203,27.915747,83.98782,26.107752,29.723742,7760.67119,3.61599,2040-2059
2059,12,285.6952,27.64116,83.55613,25.96296,29.319359,7699.76729,3.3563989999999997,2040-2059
2060,1,213.81036,27.203598,82.44629,25.571262,28.83593,7670.46908,3.2646680000000003,2040-2059
2060,2,126.70423,27.355265,82.27665,25.64477,29.065765,7648.24421,3.420994999999998,2040-2059
2060,3,109.815056,27.816343,80.61732,25.907694,29.724995,7544.238906,3.8173010000000005,2040-2059
2060,4,149.26305,28.705648,81.76126,26.745085,30.66621,7555.845816,3.921125,2040-2059
2060,5,154.85033,28.814821,81.19377,26.877413,30.75223,7489.988346,3.874817,2040-2059
2060,6,161.41165,29.057878,81.33162,27.145176,30.970577,7371.7630659999995,3.8254009999999994,2040-2059
2060,7,210.55324,28.574389,81.21165,26.560118,30.588661,7453.908436,4.028542999999999,2040-2059
2060,8,170.89796,28.805387,80.43852,26.792452,30.818323,7490.914796,4.025870999999999,2040-2059
2060,9,255.02057,28.211542,81.87255,26.281393,30.141691,7536.172766,3.8602980000000002,2040-2059
2060,10,245.88513,28.400005,82.53407,26.484058,30.315954,7498.236026,3.8318960000000004,2040-2059
2060,11,375.63684,27.669744,83.54226,25.807428,29.53206,7575.402896,3.7246319999999997,2040-2059
2060,12,348.57965,27.241657,84.5425,25.593306,28.890005,7526.185366000001,3.2966990000000003,2040-2059
2061,1,191.21205,27.293089,83.46603,25.650515,28.935665,7588.313046,3.2851500000000016,2060-2079
2061,2,119.956924,27.425482,82.5065,25.745245,29.10572,7634.77872,3.360475000000001,2060-2079
2061,3,182.89587,27.697098,82.72817,25.97204,29.422153,7752.88424,3.4501130000000018,2060-2079
2061,4,123.19641,28.579235,80.9025,26.638313,30.520157,7778.2413400000005,3.881844000000001,2060-2079
2061,5,184.95648,28.877985,81.861305,26.879173,30.876795,7818.05597,3.997622,2060-2079
2061,6,179.71416,28.53076,81.861305,26.600069,30.461452,7785.16066,3.861383,2060-2079
2061,7,181.28943,28.05665,81.653336,26.084045,30.029253,7742.51759,3.945208000000001,2060-2079
2061,8,113.93526,28.409126,80.60144,26.449228,30.36903,7678.40172,3.919801999999997,2060-2079
2061,9,166.71231,28.418127,81.8569,26.493582,30.34267,7614.680600000001,3.8490879999999983,2060-2079
2061,10,254.9685,28.110804,82.41169,26.163717,30.057892,7565.047750000001,3.8941750000000006,2060-2079
2061,11,282.77158,27.936214,83.11099,26.054743,29.81769,7424.65307,3.7629470000000005,2060-2079
2061,12,331.74237,27.762596,84.05551,26.070978,29.454216,7440.36611,3.3832379999999986,2060-2079
2062,1,298.048,27.591614,84.29341,25.97249,29.210745,7428.919269999999,3.2382549999999988,2060-2079
2062,2,126.873024,27.958933,82.69826,26.22303,29.694834,7384.832624000001,3.471803999999999,2060-2079
2062,3,129.05641,28.444757,81.154205,26.536726,30.352789,7316.352274000001,3.8160629999999998,2060-2079
2062,4,167.30171,28.628666,81.38946,26.73059,30.526741,7307.274984,3.796151000000002,2060-2079
2062,5,197.35571,28.862972,81.931335,26.939383,30.786564,7322.315904,3.847180999999999,2060-2079
2062,6,181.14798,28.901855,80.70815,26.924252,30.879454,7352.052143999999,3.955202,2060-2079
2062,7,187.58763,28.812159,81.106995,26.86297,30.76135,7358.995763999999,3.8983799999999995,2060-2079
2062,8,135.14978,28.528492,79.889786,26.495184,30.5618,7309.247714,4.066616000000003,2060-2079
2062,9,208.4905,28.402367,81.95947,26.450096,30.354635,7312.212484000001,3.9045389999999998,2060-2079
2062,10,313.02112,28.025433,82.922325,26.097042,29.953825,7368.528504,3.856783,2060-2079
2062,11,294.0482,27.921677,82.92728,26.094355,29.749002,7359.554674,3.6546470000000006,2060-2079
2062,12,347.8924,27.583736,83.7913,25.923985,29.243492,7421.7518740000005,3.3195070000000015,2060-2079
2063,1,177.73477,27.415125,81.43133,25.745638,29.084612,7385.676284,3.3389740000000003,2060-2079
2063,2,104.86333,27.44139,81.07268,25.643436,29.239342,7363.835384,3.5959059999999994,2060-2079
2063,3,83.364365,28.254728,80.11871,26.298473,30.210985,7337.384693,3.9125119999999995,2060-2079
2063,4,158.45813,28.949667,81.78472,26.99981,30.899525,7346.579773,3.8997150000000005,2060-2079
2063,5,162.94142,29.122335,81.245125,27.139236,31.105434,7354.670863,3.9661979999999986,2060-2079
2063,6,159.53218,29.155018,80.75909,27.15036,31.159672,7352.791393,4.009312000000001,2060-2079
2063,7,210.94255,28.98465,81.98089,27.014397,30.9549,7353.180703,3.9405029999999996,2060-2079
2063,8,215.7129,28.682316,82.29738,26.797762,30.56687,7397.995643,3.769108000000003,2060-2079
2063,9,221.78139,28.636139,81.87148,26.653559,30.618725,7364.756463,3.965166,2060-2079
2063,10,284.8982,28.035011,82.30034,26.146961,29.923061,7403.769533000001,3.7760999999999996,2060-2079
2063,11,333.87704,28.067776,83.498215,26.218348,29.917206,7362.009733000001,3.6988580000000013,2060-2079
2063,12,351.6538,27.543623,84.3153,25.928194,29.15905,7365.083882999999,3.2308559999999993,2060-2079
2064,1,304.32037,27.29144,84.65027,25.717758,28.86512,7478.192203,3.147362000000001,2060-2079
2064,2,75.39132,27.587347,80.51585,25.801674,29.373022,7433.626598999999,3.5713480000000004,2060-2079
2064,3,198.5064,27.948238,82.44264,26.144232,29.752245,7449.237129,3.6080129999999997,2060-2079
2064,4,158.50311,28.62522,82.23888,26.668074,30.582369,7484.543829,3.914294999999999,2060-2079
2064,5,194.55641,28.977533,82.81296,27.076809,30.87826,7494.143759,3.801451,2060-2079
2064,6,191.23141,29.076374,81.6095,27.109709,31.043043,7505.661009,3.933334000000002,2060-2079
2064,7,226.60045,28.742561,81.99751,26.750803,30.734324,7550.972029,3.9835209999999996,2060-2079
2064,8,215.9964,28.57223,82.24747,26.653273,30.491188,7653.033169,3.8379150000000024,2060-2079
2064,9,150.02182,28.612932,80.6743,26.606976,30.618887,7636.342678999999,4.011911000000001,2060-2079
2064,10,286.54913,27.891048,82.75968,25.9811,29.800991,7667.923309,3.8198909999999984,2060-2079
2064,11,226.99332,28.052465,82.51266,26.195234,29.909697,7612.145049,3.714463000000002,2060-2079
2064,12,314.20416,28.053791,83.47924,26.337399,29.770184,7594.606839,3.432784999999999,2060-2079
2065,1,220.71703,27.48005,81.636986,25.789608,29.170492,7517.275869,3.3808839999999982,2060-2079
2065,2,110.13949,27.709154,80.91938,25.961939,29.456371,7500.542335,3.4944319999999998,2060-2079
2065,3,132.72581,28.21109,80.31378,26.315052,30.10713,7504.211735,3.792078,2060-2079
2065,4,149.92087,28.781923,81.10598,26.840923,30.722923,7486.830895,3.8820000000000014,2060-2079
2065,5,243.26318,29.071709,82.20164,27.171469,30.971947,7532.738365,3.800478000000002,2060-2079
2065,6,146.45323,29.219955,80.671234,27.232212,31.207699,7498.0436150000005,3.975487000000001,2060-2079
2065,7,157.8787,28.877668,80.60373,26.833511,30.921827,7468.334685000001,4.088315999999999,2060-2079
2065,8,199.41933,28.77587,81.89209,26.803791,30.74795,7532.604235,3.944158999999999,2060-2079
2065,9,258.50467,28.60089,82.12121,26.660786,30.540987,7582.618405,3.8802009999999996,2060-2079
2065,10,275.77536,28.334772,82.19439,26.372976,30.296572,7545.3726449999995,3.923596,2060-2079
2065,11,412.64505,27.858503,83.899155,26.030638,29.686369,7663.969495,3.6557309999999994,2060-2079
2065,12,332.4015,27.557297,83.701744,25.880432,29.234167,7648.478595,3.3537350000000004,2060-2079
2066,1,166.39363,27.091635,82.03846,25.429941,28.75333,7637.137455,3.323388999999999,2060-2079
2066,2,195.77562,27.640402,83.40684,25.966955,29.313848,7728.049745,3.3468930000000015,2060-2079
2066,3,170.58295,27.99206,82.41452,26.19143,29.792692,7815.26833,3.6012619999999984,2060-2079
2066,4,121.83539,28.753,80.5031,26.773449,30.732555,7778.64559,3.959106000000002,2060-2079
2066,5,205.57632,28.964766,81.20408,27.02444,30.905085,7821.28049,3.8806450000000012,2060-2079
2066,6,158.0469,29.18335,80.508865,27.129509,31.237196,7819.79521,4.107687000000002,2060-2079
2066,7,151.14452,28.556921,79.97995,26.546669,30.56717,7759.99718,4.020500999999999,2060-2079
2066,8,167.38159,28.306602,80.80671,26.352032,30.261175,7711.66587,3.9091430000000003,2060-2079
2066,9,171.54527,28.53221,81.097916,26.521149,30.543268,7661.42975,4.022119,2060-2079
2066,10,260.4055,28.308737,82.66115,26.343359,30.274115,7636.9370499999995,3.930755999999999,2060-2079
2066,11,356.33246,27.90026,83.81592,26.132935,29.66759,7659.39247,3.5346550000000008,2060-2079
2066,12,392.9185,27.595987,84.341095,25.95162,29.24036,7700.65717,3.2887400000000007,2060-2079
2067,1,208.64668,27.373379,82.6929,25.75777,28.98899,7604.98348,3.2312200000000004,2060-2079
2067,2,61.593082,27.456923,79.03534,25.598925,29.314919,7591.1852420000005,3.7159939999999985,2060-2079
2067,3,108.31077,27.995203,80.982925,26.091282,29.899124,7500.989612,3.807842000000001,2060-2079
2067,4,161.71379,28.770636,81.967186,26.859264,30.682003,7504.2002919999995,3.822739000000002,2060-2079
2067,5,155.09393,28.783663,81.37631,26.912172,30.655155,7464.737812,3.742982999999999,2060-2079
2067,6,168.78413,28.914146,81.46208,26.931963,30.896332,7442.290532,3.9643690000000014,2060-2079
2067,7,148.49945,28.628918,81.498695,26.627777,30.630062,7364.189532,4.0022850000000005,2060-2079
2067,8,186.11217,28.408619,80.81617,26.429134,30.388105,7334.305302,3.9589709999999982,2060-2079
2067,9,189.60217,28.349371,81.660805,26.401085,30.297655,7373.885652,3.8965700000000005,2060-2079
2067,10,206.01122,28.233671,81.73321,26.265814,30.201529,7293.347742,3.935715000000002,2060-2079
2067,11,356.41263,27.718567,83.487755,25.906424,29.53071,7422.767052,3.624285999999998,2060-2079
2067,12,288.3679,27.588337,84.02069,25.945185,29.23149,7396.930792,3.2863050000000023,2060-2079
2068,1,262.4724,27.354803,83.70274,25.724974,28.984632,7438.686162,3.2596580000000017,2060-2079
2068,2,98.435814,27.71814,81.01216,25.90249,29.533789,7426.982486,3.6312989999999985,2060-2079
2068,3,131.78352,28.520212,81.223656,26.643446,30.396976,7426.040196,3.753529999999998,2060-2079
2068,4,176.14786,28.970638,81.8089,27.065063,30.876213,7452.267186,3.8111500000000014,2060-2079
2068,5,209.2699,29.273172,81.40082,27.285107,31.261236,7418.273906,3.9761290000000002,2060-2079
2068,6,184.14317,29.009274,80.147606,26.96859,31.04996,7455.963846,4.08137,2060-2079
2068,7,167.51242,28.63167,80.60346,26.630707,30.632631,7465.5975659999995,4.001923999999999,2060-2079
2068,8,184.04614,28.466064,81.293274,26.524708,30.407421,7450.224376,3.882712999999999,2060-2079
2068,9,199.95769,28.48999,81.895294,26.517584,30.462393,7391.677396,3.9448089999999993,2060-2079
2068,10,342.3726,28.069696,83.4914,26.17784,29.961557,7458.274636,3.7837169999999993,2060-2079
2068,11,213.52597,28.224203,82.03109,26.358187,30.090223,7259.155556,3.732036000000001,2060-2079
2068,12,385.11588,28.011644,83.87279,26.317125,29.706165,7311.869936,3.389039999999998,2060-2079
2069,1,250.2481,27.877363,84.07452,26.246769,29.507956,7395.724405999999,3.2611869999999996,2060-2079
2069,2,153.72194,28.005367,82.18032,26.304966,29.705769,7353.670726,3.400803,2060-2079
2069,3,155.94005,28.491741,81.826744,26.666348,30.31713,7339.0278260000005,3.6507819999999995,2060-2079
2069,4,118.68151,28.980104,80.239655,26.951147,31.009062,7335.873946,4.057915000000001,2060-2079
2069,5,229.27704,29.102598,82.40187,27.191294,31.013906,7359.5746659999995,3.8226119999999995,2060-2079
2069,6,173.10088,29.070654,80.54388,27.039827,31.101479,7374.628645999999,4.061652000000002,2060-2079
2069,7,222.07938,28.582783,82.15217,26.642134,30.523428,7445.5635059999995,3.8812940000000005,2060-2079
2069,8,254.25249,28.337084,82.42311,26.39862,30.275541,7532.434406,3.8769209999999994,2060-2079
2069,9,222.51398,28.678148,81.83174,26.707096,30.649199,7583.403116,3.9421029999999995,2060-2079
2069,10,321.4827,28.020805,82.26051,26.108269,29.933344,7644.480316,3.825075000000002,2060-2079
2069,11,340.90613,27.65016,83.380264,25.835892,29.464424,7629.053986,3.628532,2060-2079
2069,12,319.25107,26.84082,83.82927,25.221632,28.460005,7555.386556,3.2383729999999993,2060-2079
2070,1,254.13394,26.879519,85.47669,25.31917,28.439867,7600.873816,3.120697,2060-2079
2070,2,177.16394,26.74343,82.86305,25.116793,28.370066,7716.444674,3.253273,2060-2079
2070,3,139.6921,27.4891,82.16589,25.61941,29.35879,7747.826004,3.7393800000000006,2060-2079
2070,4,155.81265,28.628868,82.19934,26.703192,30.554544,7741.9248640000005,3.8513519999999986,2060-2079
2070,5,248.98807,28.916895,82.52102,26.9212,30.91259,7835.819004,3.9913900000000027,2060-2079
2070,6,159.5643,28.604076,80.27973,26.536655,30.6715,7826.599174,4.134845000000002,2060-2079
2070,7,162.89171,28.296629,81.741455,26.33648,30.25678,7840.991434,3.9202999999999975,2060-2079
2070,8,194.88182,27.867546,81.7565,25.980404,29.754686,7849.761084000001,3.7742819999999995,2060-2079
2070,9,231.66121,27.88711,83.00158,26.008202,29.76602,7891.820124000001,3.7578180000000003,2060-2079
2070,10,241.05049,27.596,82.33008,25.69149,29.500511,7926.859394,3.8090209999999978,2060-2079
2070,11,268.94003,27.654419,82.62808,25.812431,29.496405,7839.386794,3.683973999999999,2060-2079
2070,12,304.829,27.228855,83.47986,25.55248,28.90523,7855.847894,3.3527500000000003,2060-2079
2071,1,178.87541,27.190393,83.607346,25.535948,28.844841,7772.250904,3.3088929999999976,2060-2079
2071,2,116.250404,28.08279,82.64556,26.318928,29.846651,7790.065494,3.5277230000000017,2060-2079
2071,3,133.15941,28.543396,81.42141,26.686037,30.400753,7791.441384,3.714716000000003,2060-2079
2071,4,116.94663,28.929365,80.800354,26.967281,30.891449,7732.240154,3.9241680000000017,2060-2079
2071,5,185.17067,29.368475,82.007164,27.413004,31.323946,7708.140923999999,3.9109419999999986,2060-2079
2071,6,167.53458,29.279953,81.41668,27.27741,31.2825,7691.532334,4.005089999999999,2060-2079
2071,7,220.97624,28.631262,81.80852,26.678898,30.583622,7744.996154,3.904723999999998,2060-2079
2071,8,225.74599,28.50273,81.87812,26.581161,30.424297,7786.696004,3.8431359999999977,2060-2079
2071,9,199.7976,28.612358,81.71402,26.628008,30.596708,7786.535914,3.9686999999999983,2060-2079
2071,10,272.79025,28.338562,82.83644,26.451693,30.22543,7716.953564,3.7737370000000006,2060-2079
2071,11,323.235,28.051344,83.36223,26.227968,29.87472,7826.662594,3.6467519999999993,2060-2079
2071,12,384.35068,27.70555,85.199486,26.064007,29.34709,7825.8973940000005,3.2830830000000013,2060-2079
2072,1,296.4686,27.117514,84.58871,25.548512,28.686514,7872.117894,3.138002,2060-2079
2072,2,212.88857,27.540974,84.57975,25.902458,29.179487,7931.284524,3.2770290000000024,2060-2079
2072,3,227.57356,27.914444,83.609375,26.109806,29.71908,8002.918034,3.6092740000000028,2060-2079
2072,4,176.93578,28.691765,81.93758,26.779455,30.604074,8061.172304000001,3.824619000000002,2060-2079
2072,5,187.94926,28.888266,81.67259,26.920141,30.856394,8019.844524,3.9362530000000007,2060-2079
2072,6,199.26784,28.739155,82.10015,26.800928,30.677383,8046.011484000001,3.876455,2060-2079
2072,7,198.34189,28.42199,81.76759,26.465738,30.378244,8022.273994,3.912505999999997,2060-2079
2072,8,189.30128,28.58585,81.62945,26.63808,30.533617,7957.322784000001,3.895537000000001,2060-2079
2072,9,157.20135,28.433388,80.2775,26.411459,30.455318,7892.010154,4.043858999999998,2060-2079
2072,10,340.5506,27.783758,83.3555,25.883842,29.683678,7911.0780540000005,3.799835999999999,2060-2079
2072,11,373.47415,27.720106,84.90011,25.932848,29.507366,7943.646074,3.574518000000001,2060-2079
2072,12,383.70938,27.3675,84.87336,25.75124,28.983763,8008.104384,3.2325230000000005,2060-2079
2073,1,106.32844,26.524815,80.58761,24.833557,28.21607,7860.298884,3.3825129999999994,2060-2079
2073,2,175.453,27.188122,83.62613,25.49836,28.877886,7858.587944,3.3795259999999985,2060-2079
2073,3,144.94948,27.728605,82.598305,25.91035,29.546858,7863.845324000001,3.636507999999999,2060-2079
2073,4,111.89673,28.281885,80.502174,26.282198,30.281574,7819.9294039999995,3.999375999999998,2060-2079
2073,5,219.3961,28.656322,83.044365,26.778585,30.534063,7790.337434,3.755478,2060-2079
2073,6,192.70638,28.495134,81.75965,26.569181,30.421083,7823.479514000001,3.851901999999999,2060-2079
2073,7,204.55136,28.429993,82.29078,26.498487,30.361496,7865.139164,3.863008999999998,2060-2079
2073,8,189.80753,28.392855,81.63751,26.44881,30.3369,7860.064874,3.8880899999999983,2060-2079
2073,9,259.35696,28.148407,82.54609,26.181631,30.115185,7887.760624,3.933554000000001,2060-2079
2073,10,317.90207,27.827562,83.17073,25.900484,29.754639,7964.612204,3.854155000000002,2060-2079
2073,11,347.01712,27.545097,83.98962,25.72054,29.369652,8042.689294,3.649111999999999,2060-2079
2073,12,218.26816,27.150208,82.76156,25.469675,28.830738,7956.128454,3.3610630000000015,2060-2079
2074,1,141.66212,27.132385,82.45304,25.41282,28.851952,7918.915164,3.4391320000000007,2060-2079
2074,2,110.28692,27.803535,81.70573,26.006594,29.60048,7912.951679999999,3.5938860000000012,2060-2079
2074,3,149.24638,28.293253,82.38456,26.474821,30.111685,7929.03865,3.6368640000000028,2060-2079
2074,4,175.9475,28.959568,82.1451,27.047604,30.87153,7988.03952,3.823926,2060-2079
2074,5,213.41406,28.986233,82.48701,27.078854,30.89361,8016.28291,3.814755999999999,2060-2079
2074,6,207.28917,29.029217,81.72534,27.047134,31.0113,8056.0375,3.9641659999999987,2060-2079
2074,7,242.90126,28.429058,81.662186,26.457396,30.40072,8077.96252,3.9433240000000005,2060-2079
2074,8,234.47789,28.452604,81.591255,26.483799,30.421415,8086.69442,3.9376159999999985,2060-2079
2074,9,248.36879,28.368996,82.135445,26.40514,30.33285,8135.2656099999995,3.927710000000001,2060-2079
2074,10,273.94333,28.334908,81.94389,26.353935,30.31588,8136.4186899999995,3.961945,2060-2079
2074,11,299.87802,28.056856,83.571014,26.23845,29.875263,8113.06171,3.636813,2060-2079
2074,12,344.771,27.913385,84.01893,26.198025,29.628744,8073.482029999999,3.430719,2060-2079
2075,1,324.88126,27.710266,83.488556,26.055643,29.364887,8101.89469,3.3092439999999996,2060-2079
2075,2,267.77023,27.796135,83.59956,26.113909,29.478363,8156.77635,3.364454000000002,2060-2079
2075,3,250.58987,28.218086,82.70498,26.415888,30.02028,8179.792659999999,3.6043920000000007,2060-2079
2075,4,215.68463,28.621962,82.17198,26.679695,30.56423,8218.54151,3.8845349999999996,2060-2079
2075,5,243.31636,28.75107,82.0656,26.815931,30.686207,8273.90861,3.8702760000000005,2060-2079
2075,6,172.98474,28.816631,81.35104,26.90576,30.727505,8247.62551,3.821745,2060-2079
2075,7,154.29388,28.666327,79.70265,26.68012,30.652533,8203.5775,3.9724129999999995,2060-2079
2075,8,161.97949,28.805717,80.47231,26.777765,30.83367,8176.255709999999,4.055905000000003,2060-2079
2075,9,262.9006,28.392477,82.594215,26.472157,30.3128,8281.954960000001,3.840643,2060-2079
2075,10,286.2912,28.132948,82.52047,26.240324,30.025572,8227.69556,3.7852479999999993,2060-2079
2075,11,372.6923,27.63907,84.5432,25.850163,29.427979,8226.913709999999,3.577816000000002,2060-2079
2075,12,351.92737,27.291138,84.79616,25.670181,28.912096,8195.1317,3.2419149999999988,2060-2079
2076,1,223.51653,27.580576,83.577065,25.962896,29.198254,8312.31979,3.235357999999998,2060-2079
2076,2,99.27252,27.74152,80.867775,25.961536,29.521503,8236.13931,3.5599670000000003,2060-2079
2076,3,141.316,28.41733,80.47007,26.51262,30.322037,8232.50583,3.8094170000000034,2060-2079
2076,4,211.23793,28.715069,82.15437,26.786633,30.643503,8331.84703,3.8568700000000007,2060-2079
2076,5,171.59119,28.83171,80.5719,26.815193,30.84823,8284.04212,4.033037,2060-2079
2076,6,193.50522,28.796377,81.27955,26.812311,30.780441,8284.84096,3.9681299999999986,2060-2079
2076,7,151.17618,28.437424,80.72107,26.390053,30.484795,8231.46578,4.0947419999999966,2060-2079
2076,8,189.83911,28.402935,81.59123,26.441153,30.364716,8231.49736,3.9235630000000015,2060-2079
2076,9,220.92706,28.19999,81.58411,26.265484,30.134497,8193.06746,3.869012999999999,2060-2079
2076,10,266.97308,28.126394,82.33525,26.17019,30.082598,8142.13847,3.912407999999999,2060-2079
2076,11,287.97626,28.122334,83.3801,26.25968,29.984983,8083.097610000001,3.7253030000000003,2060-2079
2076,12,406.2504,27.933174,84.09224,26.22936,29.636988,8271.07985,3.407627999999999,2060-2079
2077,1,298.7949,27.664545,83.59322,26.043337,29.285755,8428.21263,3.2424180000000007,2060-2079
2077,2,125.72389,28.18252,82.259705,26.421347,29.943695,8443.649599999999,3.522348000000001,2060-2079
2077,3,155.74039,28.496796,80.4545,26.624184,30.369408,8450.143610000001,3.7452240000000003,2060-2079
2077,4,140.87949,28.914364,81.01166,26.969728,30.859001,8415.0756,3.8892729999999993,2060-2079
2077,5,207.33778,28.988956,80.793335,27.053024,30.924892,8408.999319999999,3.871867999999999,2060-2079
2077,6,211.60437,28.648632,81.00123,26.671412,30.625853,8413.31452,3.954440999999999,2060-2079
2077,7,257.9968,28.404478,81.74511,26.434723,30.37423,8428.41006,3.939506999999999,2060-2079
2077,8,186.28185,28.229095,81.652016,26.318863,30.139324,8380.21402,3.820460999999998,2060-2079
2077,9,215.13812,28.21463,81.95756,26.300169,30.129091,8346.98335,3.8289219999999986,2060-2079
2077,10,256.02682,28.304947,82.40963,26.380642,30.229252,8329.06684,3.848609999999997,2060-2079
2077,11,263.6516,27.736776,82.39097,25.873703,29.599848,8292.84042,3.7261450000000025,2060-2079
2077,12,459.11832,27.582232,84.21517,25.861107,29.303358,8407.187740000001,3.442250999999999,2060-2079
2078,1,204.64706,27.127792,82.95818,25.475168,28.780418,8286.95354,3.305250000000001,2060-2079
2078,2,167.70528,27.275635,82.83827,25.579428,28.971842,8186.8885900000005,3.3924139999999987,2060-2079
2078,3,185.91942,27.879534,82.747856,26.108337,29.650732,8122.21814,3.5423950000000026,2060-2079
2078,4,137.00223,28.646399,80.88003,26.70119,30.591606,8043.535739999999,3.8904159999999983,2060-2079
2078,5,210.13452,29.046967,82.02756,27.101376,30.992558,8010.3539,3.8911820000000006,2060-2079
2078,6,200.98901,28.60054,81.51015,26.681252,30.51983,8038.35817,3.8385779999999983,2060-2079
2078,7,167.06879,28.517057,81.7668,26.593296,30.440819,8051.13308,3.8475230000000025,2060-2079
2078,8,127.31763,28.30671,80.274025,26.326246,30.287172,8016.47122,3.9609260000000006,2060-2079
2078,9,227.0546,28.1951,82.5295,26.275698,30.114498,7980.62522,3.8388000000000027,2060-2079
2078,10,278.5533,27.714321,82.79374,25.813803,29.61484,7972.88732,3.801037000000001,2060-2079
2078,11,224.84726,28.16933,82.52685,26.219246,30.119415,7825.04228,3.9001690000000018,2060-2079
2078,12,365.41498,28.012556,84.42491,26.281755,29.743357,7838.52989,3.461601999999999,2060-2079
2079,1,249.87372,27.7634,83.04429,26.12611,29.40069,7864.8870799999995,3.2745800000000003,2060-2079
2079,2,133.71535,27.967371,81.29162,26.17945,29.755293,7899.32991,3.5758430000000025,2060-2079
2079,3,133.55841,28.594036,82.105606,26.774258,30.413813,7891.57232,3.6395550000000014,2060-2079
2079,4,107.33663,29.094328,79.44548,27.028862,31.159796,7787.67102,4.130934,2060-2079
2079,5,181.57776,29.072725,80.58386,27.064106,31.081348,7797.65759,4.0172419999999995,2060-2079
2079,6,201.34734,28.78168,81.7954,26.853674,30.709684,7805.49971,3.8560099999999977,2060-2079
2079,7,206.24864,28.686407,81.89189,26.765318,30.607496,7860.5721699999995,3.8421780000000005,2060-2079
2079,8,260.17136,28.589766,82.270294,26.670366,30.509165,7930.90442,3.838798999999998,2060-2079
2079,9,181.10748,28.779726,81.78467,26.81418,30.745268,7891.0848399999995,3.931087999999999,2060-2079
2079,10,327.72192,28.334892,82.62456,26.348522,30.321259,7951.83368,3.972737000000002,2060-2079
2079,11,204.57127,27.642473,81.93422,25.79933,29.485617,7868.42869,3.686287,2060-2079
2079,12,316.47702,27.45607,84.65861,25.822779,29.089361,7778.65531,3.2665819999999997,2060-2079
2080,1,191.75128,27.700548,84.14753,26.108938,29.29216,7671.61169,3.1832220000000007,2060-2079
2080,2,220.64024,27.650969,84.20965,26.005878,29.29606,7766.528039999999,3.2901820000000015,2060-2079
2080,3,271.89105,27.854275,83.669945,26.10686,29.601688,7882.6786999999995,3.4948279999999983,2060-2079
2080,4,214.62927,28.553553,82.94041,26.688583,30.418522,7956.4284800000005,3.729938999999998,2060-2079
2080,5,206.00716,28.756,81.58824,26.772507,30.739496,7955.09786,3.966988999999998,2060-2079
2080,6,180.74849,28.699549,81.69821,26.771189,30.627909,7924.24198,3.8567199999999993,2060-2079
2080,7,137.045,28.624723,80.32255,26.632132,30.617315,7803.29018,3.985183000000003,2060-2079
2080,8,225.83414,28.478548,82.04343,26.51135,30.445745,7842.8424700000005,3.9343949999999985,2060-2079
2080,9,262.1368,28.196507,81.9337,26.232355,30.160656,7889.84115,3.928301000000001,2060-2079
2080,10,306.6411,28.159851,82.7014,26.216597,30.103102,7940.45543,3.8865049999999997,2060-2079
2080,11,272.00064,27.648457,82.69065,25.808027,29.488888,7948.804469999999,3.680861,2060-2079
2080,12,318.4015,26.886648,84.479324,25.28114,28.492157,7808.08765,3.2110169999999982,2060-2079
2081,1,175.0496,26.475798,83.38866,24.844275,28.10732,7778.4901899999995,3.2630450000000017,2080-2099
2081,2,119.461876,26.918625,83.02656,25.220383,28.616863,7730.246786,3.396479999999997,2080-2099
2081,3,152.37608,27.554003,82.37532,25.717016,29.390993,7696.703446,3.6739770000000007,2080-2099
2081,4,187.53456,28.20278,82.12979,26.341373,30.064192,7747.235776,3.7228189999999977,2080-2099
2081,5,212.94113,28.561281,82.68741,26.710308,30.412252,7750.042386,3.7019439999999975,2080-2099
2081,6,185.12886,28.589563,81.93503,26.638002,30.541126,7734.182236,3.9031239999999983,2080-2099
2081,7,230.14442,28.313108,82.481926,26.36187,30.26435,7797.257866,3.9024800000000006,2080-2099
2081,8,119.22256,28.37567,80.28243,26.343275,30.408066,7789.162796,4.064791000000003,2080-2099
2081,9,141.10751,28.279573,80.69925,26.25507,30.304073,7703.215706,4.049002999999999,2080-2099
2081,10,282.48648,27.869318,82.2242,25.875547,29.863085,7707.148886,3.9875380000000007,2080-2099
2081,11,247.02837,27.659494,83.55055,25.811075,29.507915,7729.329996,3.6968400000000017,2080-2099
2081,12,313.16055,27.740057,84.63445,26.060844,29.419273,7677.0755659999995,3.358429000000001,2080-2099
2082,1,167.89528,27.831623,82.18132,26.1184,29.544844,7595.097126000001,3.426444,2080-2099
2082,2,48.468956,28.20913,78.56991,26.28693,30.131329,7509.850732,3.8443989999999992,2080-2099
2082,3,78.672615,28.463552,78.791435,26.456327,30.470778,7454.964937,4.0144509999999975,2080-2099
2082,4,121.96704,29.01297,79.92839,27.01639,31.009544,7469.595347,3.9931540000000005,2080-2099
2082,5,144.32648,29.098333,80.98668,27.071661,31.125008,7432.344067,4.053347000000002,2080-2099
2082,6,192.46858,29.120659,81.75806,27.145947,31.095377,7423.4653069999995,3.9494299999999996,2080-2099
2082,7,231.92491,28.839539,82.240555,26.885014,30.794058,7449.141577,3.909043999999998,2080-2099
2082,8,336.1404,28.35327,83.06181,26.411919,30.294622,7525.110617,3.8827029999999993,2080-2099
2082,9,248.7493,28.645657,82.52627,26.724098,30.567217,7592.752437,3.843118999999998,2080-2099
2082,10,301.67606,28.430851,82.80101,26.49744,30.364264,7566.706577,3.8668239999999976,2080-2099
2082,11,333.40594,28.100075,83.3023,26.29069,29.909458,7695.541247,3.6187679999999993,2080-2099
2082,12,416.2551,27.805117,84.300674,26.120966,29.489265,7795.319326999999,3.3682990000000004,2080-2099
2083,1,353.76474,27.325985,83.595665,25.737635,28.914333,7957.332787,3.1766979999999982,2080-2099
2083,2,256.99963,27.31932,84.25643,25.706238,28.932398,7993.692177000001,3.22616,2080-2099
2083,3,248.15248,27.56214,83.42197,25.818329,29.305948,7969.953607,3.4876190000000022,2080-2099
2083,4,187.34962,28.539867,82.22252,26.681402,30.39833,7942.673957,3.716928000000003,2080-2099
2083,5,217.31291,28.71752,81.72377,26.739027,30.696009,7953.9797069999995,3.956982,2080-2099
2083,6,160.04196,28.6978,81.60542,26.760092,30.635504,7933.273177,3.8754120000000007,2080-2099
2083,7,129.02962,28.709888,79.72093,26.708847,30.710928,7925.257796999999,4.002081,2080-2099
2083,8,207.31873,28.431992,81.236534,26.437738,30.426249,7906.742386999999,3.988510999999999,2080-2099
2083,9,160.71466,28.507534,81.24934,26.503328,30.511742,7805.320247,4.008414000000002,2080-2099
2083,10,295.44427,28.00649,82.75943,26.097288,29.915691,7794.123417,3.818403,2080-2099
2083,11,306.73956,27.649748,83.17587,25.804926,29.49457,7828.8623370000005,3.6896440000000013,2080-2099
2083,12,245.76202,27.216612,83.68512,25.57065,28.862576,7756.222857,3.291926,2080-2099
2084,1,203.71925,26.956985,83.563385,25.36721,28.54676,7784.8925070000005,3.179549999999999,2080-2099
2084,2,87.83447,27.073505,80.212906,25.238214,28.908796,7753.265101,3.6705819999999996,2080-2099
2084,3,141.71931,27.84072,82.19333,26.003605,29.677834,7742.608330999999,3.6742290000000004,2080-2099
2084,4,106.06259,28.419462,80.7655,26.389252,30.449675,7661.136361,4.060423,2080-2099
2084,5,179.25793,28.690832,81.89454,26.791391,30.590275,7627.453160999999,3.7988839999999975,2080-2099
2084,6,138.40088,29.025875,81.05929,27.02999,31.021763,7580.725181,3.9917729999999985,2080-2099
2084,7,232.47342,28.53852,81.6998,26.55031,30.52673,7583.054181,3.976420000000001,2080-2099
2084,8,171.66269,28.672316,80.783,26.65451,30.69012,7635.494311,4.035610000000002,2080-2099
2084,9,206.66502,28.665428,81.62758,26.667805,30.663054,7701.051821,3.9952489999999976,2080-2099
2084,10,263.8436,28.422676,82.64891,26.462189,30.383162,7682.408941,3.920973,2080-2099
2084,11,336.54724,27.683706,83.9671,25.932596,29.434813,7771.927811,3.502216999999998,2080-2099
2084,12,398.09174,27.377321,84.94532,25.779919,28.974724,7856.859001,3.194804999999999,2080-2099
2085,1,100.11312,26.859514,81.064285,25.144154,28.574873,7789.076841,3.430719,2080-2099
2085,2,194.719,27.436306,83.1566,25.743235,29.129377,7935.3268849999995,3.386142000000003,2080-2099
2085,3,234.22224,28.027063,82.95665,26.265614,29.78851,8090.87651,3.5228959999999994,2080-2099
2085,4,193.68336,28.581322,82.79738,26.729113,30.433533,8162.59283,3.704419999999999,2080-2099
2085,5,214.62347,29.014975,82.1811,27.072603,30.957344,8232.88982,3.8847409999999982,2080-2099
2085,6,194.64984,28.800951,81.42172,26.803047,30.79886,8235.07108,3.995813000000002,2080-2099
2085,7,140.4971,28.736628,80.53926,26.683846,30.78941,8143.64327,4.105564000000001,2080-2099
2085,8,214.04803,28.516708,81.93987,26.585533,30.447884,8021.5509,3.8623509999999968,2080-2099
2085,9,239.1572,28.192757,81.998314,26.216768,30.168743,8011.9588,3.951975000000001,2080-2099
2085,10,277.79443,27.975569,82.25296,26.044693,29.906445,7988.0771700000005,3.8617520000000027,2080-2099
2085,11,193.9914,27.971148,80.15205,26.062088,29.880209,7848.66263,3.8181210000000014,2080-2099
2085,12,305.1732,27.490799,83.32762,25.83578,29.145819,7737.580730000001,3.3100389999999997,2080-2099
2086,1,114.03598,26.601189,80.825096,24.891441,28.310936,7497.85197,3.4194950000000013,2080-2099
2086,2,138.25974,27.148731,82.85153,25.396889,28.900576,7379.11208,3.5036869999999993,2080-2099
2086,3,118.46504,27.891039,81.66205,25.968388,29.81369,7249.42464,3.845302,2080-2099
2086,4,165.71783,28.507927,82.59334,26.634819,30.381037,7227.79285,3.746217999999999,2080-2099
2086,5,157.79703,28.874746,81.65035,26.916836,30.832659,7168.27697,3.9158229999999996,2080-2099
2086,6,153.86472,28.623123,80.85605,26.680687,30.565557,7162.09973,3.8848699999999994,2080-2099
2086,7,224.35672,28.344088,81.79095,26.415514,30.272657,7257.42683,3.857142999999997,2080-2099
2086,8,150.4829,28.50119,81.161835,26.54074,30.461641,7200.591,3.9209010000000006,2080-2099
2086,9,245.90108,28.164,81.99496,26.19395,30.134052,7285.777419999999,3.9401019999999995,2080-2099
2086,10,287.05756,27.782688,82.187775,25.872288,29.693085,7277.39071,3.820796999999999,2080-2099
2086,11,349.9714,27.662344,83.59397,25.862318,29.46237,7320.62255,3.6000520000000016,2080-2099
2086,12,320.59784,27.494993,84.088036,25.780266,29.20972,7395.45837,3.429454,2080-2099
2087,1,183.96326,27.20897,83.19037,25.611536,28.806402,7375.70238,3.1948659999999975,2080-2099
2087,2,98.32421,27.324554,81.01412,25.544245,29.104862,7386.19212,3.5606170000000006,2080-2099
2087,3,96.95567,28.190752,80.798775,26.288652,30.092852,7341.42848,3.8042000000000016,2080-2099
2087,4,93.343925,28.734173,79.398926,26.641083,30.827269,7328.709815,4.186186000000003,2080-2099
2087,5,129.4994,28.88754,81.071785,26.92351,30.85157,7278.951285,3.9280599999999986,2080-2099
2087,6,207.26591,29.09757,82.2776,27.178833,31.01631,7347.816315,3.837477,2080-2099
2087,7,254.49994,28.680134,83.15392,26.78884,30.571424,7369.8428349999995,3.782584,2080-2099
2087,8,171.93887,28.607603,80.38598,26.615774,30.59943,7370.119014999999,3.9836560000000034,2080-2099
2087,9,200.13606,28.593338,81.72598,26.649141,30.537537,7363.590055000001,3.888396,2080-2099
2087,10,275.01056,28.593916,82.43704,26.625822,30.562014,7374.757015,3.936192000000002,2080-2099
2087,11,369.163,27.698868,83.808014,25.918304,29.479435,7407.372775,3.5611309999999996,2080-2099
2087,12,289.00443,27.080717,84.068565,25.381676,28.779757,7298.285465000001,3.3980810000000012,2080-2099
2088,1,149.36131,26.818888,81.59068,25.1259,28.511873,7347.533655,3.385973,2080-2099
2088,2,115.068535,27.255505,82.57572,25.537107,28.97391,7267.8831900000005,3.436803000000001,2080-2099
2088,3,100.73478,27.891485,81.47125,26.008347,29.77462,7134.39573,3.766272999999998,2080-2099
2088,4,116.50614,28.40455,80.40902,26.36749,30.44161,7057.218510000001,4.074120000000001,2080-2099
2088,5,145.69588,28.882761,81.219215,26.823729,30.941797,6988.2909199999995,4.118068000000001,2080-2099
2088,6,142.51755,28.881,80.90424,26.873966,30.888031,6936.15863,4.014065000000002,2080-2099
2088,7,228.1241,28.605654,81.79768,26.64944,30.561867,7023.78563,3.912427000000001,2080-2099
2088,8,266.51855,28.276268,82.57312,26.368435,30.184101,7076.25615,3.8156659999999967,2080-2099
2088,9,191.49619,28.45825,81.664795,26.494825,30.421677,7028.595139999999,3.9268520000000002,2080-2099
2088,10,333.49295,28.01615,83.36272,26.111122,29.921175,7084.293659999999,3.810053,2080-2099
2088,11,255.87389,28.014318,83.19743,26.190056,29.838581,7146.17615,3.648525000000003,2080-2099
2088,12,442.96127,27.808048,85.30905,26.169502,29.446592,7283.96422,3.2770899999999976,2080-2099
2089,1,207.29889,27.666534,82.41796,25.99088,29.34219,7377.22713,3.351309999999998,2080-2099
2089,2,151.66272,28.050398,81.221306,26.274273,29.826525,7390.63011,3.5522519999999993,2080-2099
2089,3,154.92445,28.763897,81.686646,26.901619,30.626175,7427.0895199999995,3.7245559999999998,2080-2099
2089,4,127.00794,29.021654,80.44041,27.022005,31.021301,7388.37963,3.999296000000001,2080-2099
2089,5,151.9565,29.277649,80.403465,27.277962,31.277338,7382.5391,3.9993760000000016,2080-2099
2089,6,174.15533,28.994722,80.91912,26.998564,30.99088,7402.82971,3.9923160000000024,2080-2099
2089,7,187.95226,28.619432,81.88898,26.6617,30.577166,7366.42525,3.9154659999999986,2080-2099
2089,8,192.91998,28.468336,80.74225,26.470095,30.466574,7408.86233,3.996479000000001,2080-2099
2089,9,136.77643,28.552725,80.41113,26.52249,30.582964,7299.73768,4.060473999999999,2080-2099
2089,10,253.68665,28.364305,81.82967,26.382511,30.346102,7266.3667700000005,3.9635909999999974,2080-2099
2089,11,269.44623,27.986847,83.22181,26.12886,29.844835,7185.8416,3.7159750000000003,2080-2099
2089,12,351.5075,27.433891,84.143074,25.772503,29.095274,7216.751259999999,3.3227709999999995,2080-2099
2090,1,143.10713,27.740435,82.21805,26.0308,29.450071,7175.89513,3.419271000000002,2080-2099
2090,2,107.91133,27.89768,81.01143,26.097775,29.69759,7185.48225,3.599815000000003,2080-2099
2090,3,107.23858,28.495459,80.67974,26.619673,30.371246,7195.76516,3.7515730000000005,2080-2099
2090,4,116.52431,29.28435,81.36363,27.270618,31.298077,7218.945545,4.027459,2080-2099
2090,5,173.7303,29.268885,81.46568,27.365202,31.172571,7263.176445,3.8073690000000013,2080-2099
2090,6,154.91602,29.477678,81.3789,27.477558,31.477793,7210.826555,4.000235,2080-2099
2090,7,178.25652,29.08139,80.498886,27.091797,31.070982,7134.583135000001,3.979185000000001,2080-2099
2090,8,256.67715,28.644283,81.90152,26.645473,30.643093,7219.321415,3.9976200000000013,2080-2099
2090,9,249.49437,28.503178,82.103264,26.537697,30.468657,7268.679725,3.930959999999999,2080-2099
2090,10,235.82167,28.80563,82.092125,26.845734,30.765522,7229.490835,3.9197880000000005,2080-2099
2090,11,320.8188,27.880949,83.10789,26.065203,29.69669,7181.146635,3.631487,2080-2099
2090,12,266.56665,27.42544,83.88076,25.76522,29.085659,7158.708855000001,3.3204390000000004,2080-2099
2091,1,296.98196,26.944159,84.960915,25.424965,28.463352,7306.329505000001,3.038387,2080-2099
2091,2,193.44919,27.26468,84.0608,25.589956,28.939407,7384.71016,3.3494509999999984,2080-2099
2091,3,186.31023,28.048298,83.1356,26.291273,29.80532,7470.28561,3.514046999999998,2080-2099
2091,4,144.78806,28.461119,81.55494,26.537733,30.384504,7498.567529999999,3.8467710000000004,2080-2099
2091,5,113.5485,28.947598,79.950775,26.879883,31.01531,7466.42015,4.135427,2080-2099
2091,6,122.18691,28.92027,79.78607,26.905098,30.935442,7446.08951,4.0303439999999995,2080-2099
2091,7,192.06021,28.555828,82.33605,26.617079,30.494577,7410.02562,3.8774979999999992,2080-2099
2091,8,167.07689,28.746115,81.14598,26.74313,30.749096,7310.58396,4.005966000000001,2080-2099
2091,9,205.13994,28.472317,81.58665,26.470322,30.474318,7324.22771,4.003996000000001,2080-2099
2091,10,310.18396,28.052185,83.12752,26.105074,29.9993,7300.91872,3.8942260000000033,2080-2099
2091,11,360.04007,27.498508,83.750656,25.706938,29.290083,7405.0849,3.5831449999999982,2080-2099
2091,12,315.74033,27.103323,84.551254,25.448483,28.758162,7277.86396,3.309678999999999,2080-2099
2092,1,161.20232,27.174496,82.97673,25.52055,28.828444,7231.76739,3.307894000000001,2080-2099
2092,2,100.40794,27.561874,80.28972,25.714125,29.409624,7180.51261,3.6954990000000016,2080-2099
2092,3,98.17656,28.630476,81.11222,26.72568,30.535273,7123.76472,3.8095929999999996,2080-2099
2092,4,133.01866,29.142607,80.86478,27.165762,31.119455,7129.775439999999,3.9536929999999977,2080-2099
2092,5,136.99068,29.17937,79.89296,27.167017,31.191727,7114.80962,4.024709999999999,2080-2099
2092,6,103.982994,29.027548,79.456154,26.965675,31.08942,7044.637283999999,4.1237449999999995,2080-2099
2092,7,233.867,28.551142,82.34999,26.629288,30.472994,7090.552024,3.843706000000001,2080-2099
2092,8,281.33646,28.178104,82.45148,26.266712,30.089499,7178.968504,3.8227870000000017,2080-2099
2092,9,147.16222,28.598303,81.63373,26.615107,30.581501,7189.354294000001,3.966394000000001,2080-2099
2092,10,245.53993,28.320192,81.690384,26.317621,30.322765,7181.207574,4.005144000000001,2080-2099
2092,11,295.09335,27.92952,83.64134,26.146416,29.712622,7206.854694,3.566206000000001,2080-2099
2092,12,437.332,27.535704,85.52952,25.905518,29.165888,7292.679194,3.260369999999998,2080-2099
2093,1,236.27435,27.283485,83.42464,25.631372,28.935598,7385.846414,3.304226,2080-2099
2093,2,131.2655,27.619974,82.92373,25.866398,29.373552,7409.200584,3.507154,2080-2099
2093,3,131.12949,28.500132,80.914955,26.569962,30.430302,7433.091494,3.8603400000000008,2080-2099
2093,4,155.68622,28.852827,81.714645,26.937214,30.768435,7472.253404,3.8312209999999993,2080-2099
2093,5,164.35204,29.0827,81.27138,27.086292,31.079113,7462.875144,3.9928209999999993,2080-2099
2093,6,173.67772,28.90245,81.05263,26.890936,30.913963,7481.636844000001,4.023026999999999,2080-2099
2093,7,137.41505,28.731583,80.55746,26.73688,30.72628,7440.795373999999,3.9894,2080-2099
2093,8,272.32047,28.348156,82.49249,26.382284,30.314026,7456.438694,3.931742,2080-2099
2093,9,231.0994,28.515701,81.163734,26.514603,30.516796,7438.043723999999,4.002192999999998,2080-2099
2093,10,282.25937,28.220871,82.78651,26.306595,30.135141,7484.4814240000005,3.8285459999999993,2080-2099
2093,11,298.15628,27.684885,83.40016,25.882355,29.487411,7461.818904000001,3.605056000000001,2080-2099
2093,12,467.92764,27.48952,85.35849,25.796392,29.182648,7663.179894,3.3862559999999995,2080-2099
2094,1,153.4288,27.672787,81.50327,25.935925,29.409653,7519.6267339999995,3.4737279999999977,2080-2099
2094,2,85.51584,28.036583,79.63439,26.215584,29.857584,7411.693384,3.6419999999999995,2080-2099
2094,3,161.75085,28.445145,80.76719,26.572077,30.318213,7387.1340040000005,3.746136,2080-2099
2094,4,172.67354,29.128014,81.80273,27.20359,31.052443,7415.019484,3.848853000000002,2080-2099
2094,5,180.51207,29.341806,80.71058,27.387072,31.296541,7481.983054,3.9094690000000014,2080-2099
2094,6,145.54408,29.471907,80.055305,27.396555,31.547264,7505.340224,4.150708999999999,2080-2099
2094,7,176.04922,29.04293,79.85298,27.02902,31.056845,7489.329234000001,4.027825,2080-2099
2094,8,216.52531,28.710455,80.51072,26.721085,30.699821,7538.777654,3.9787360000000014,2080-2099
2094,9,243.16856,28.59166,81.47546,26.583391,30.599922,7576.8062740000005,4.0165310000000005,2080-2099
2094,10,281.0257,28.460897,82.335075,26.49082,30.430979,7547.648013999999,3.9401590000000013,2080-2099
2094,11,358.4201,27.75718,83.64623,25.953102,29.561255,7546.028044,3.608152999999998,2080-2099
2094,12,295.8999,27.272537,83.15336,25.603575,28.941498,7526.187614,3.337923,2080-2099
2095,1,200.49681,27.235863,82.99043,25.572166,28.899559,7565.482104,3.3273930000000007,2080-2099
2095,2,138.98738,27.430227,81.53598,25.723896,29.136559,7604.061544,3.4126629999999984,2080-2099
2095,3,229.95825,27.911139,82.71947,26.147947,29.67433,7735.843234,3.5263830000000027,2080-2099
2095,4,136.82224,28.5998,80.54954,26.675213,30.524385,7739.646814,3.8491719999999994,2080-2099
2095,5,173.87349,28.854958,80.94641,26.947851,30.762064,7776.529624000001,3.8142129999999987,2080-2099
2095,6,168.95004,28.977182,81.09324,26.958721,30.99565,7841.49667,4.036929000000001,2080-2099
2095,7,146.63321,28.570192,80.62361,26.525969,30.614414,7754.26288,4.088445,2080-2099
2095,8,151.42952,28.27984,80.70592,26.291868,30.267815,7624.3559399999995,3.975946999999998,2080-2099
2095,9,235.45619,28.046398,82.57554,26.14305,29.949747,7712.649909999999,3.8066969999999998,2080-2099
2095,10,262.34537,28.143442,82.94303,26.251125,30.035759,7729.455349999999,3.7846340000000005,2080-2099
2095,11,264.1145,28.144835,82.51664,26.211618,30.078053,7698.4765,3.866434999999999,2080-2099
2095,12,336.7023,27.942274,83.50127,26.200369,29.684177,7597.8468,3.483808,2080-2099
2096,1,178.84932,28.048868,82.07486,26.322235,29.775501,7540.42177,3.4532659999999993,2080-2099
2096,2,186.394,27.943745,81.92527,26.232481,29.655012,7595.55027,3.4225309999999993,2080-2099
2096,3,115.59652,28.239252,81.07189,26.369509,30.108997,7580.0172999999995,3.739487999999998,2080-2099
2096,4,127.08594,28.76914,80.23464,26.755571,30.782707,7551.41702,4.027135999999999,2080-2099
2096,5,152.85768,28.951488,80.867805,26.985954,30.917019,7539.92266,3.9310650000000003,2080-2099
2096,6,182.44615,28.91694,81.76629,26.981003,30.852877,7548.691089999999,3.8718739999999983,2080-2099
2096,7,246.66241,28.519833,82.29222,26.574703,30.464962,7657.93845,3.8902590000000004,2080-2099
2096,8,275.4571,28.384418,82.90279,26.469412,30.299425,7661.07508,3.830013000000001,2080-2099
2096,9,192.69221,28.631575,81.54931,26.65604,30.607111,7622.66789,3.951070999999999,2080-2099
2096,10,284.1655,28.392086,82.94582,26.51339,30.270786,7624.57402,3.757396,2080-2099
2096,11,316.4395,28.120274,83.39864,26.278635,29.961912,7642.857239999999,3.6832770000000004,2080-2099
2096,12,411.57602,27.790436,84.79554,26.148222,29.43265,7586.50562,3.2844279999999983,2080-2099
2097,1,367.35812,27.632622,84.26073,26.029043,29.236198,7800.43494,3.207155,2080-2099
2097,2,232.15186,27.697073,82.479164,25.977148,29.416996,7947.07096,3.4398480000000013,2080-2099
2097,3,247.02599,28.136824,82.86595,26.36745,29.906195,8032.3461,3.5387449999999987,2080-2099
2097,4,214.49446,28.568579,81.86516,26.668919,30.468237,8074.16702,3.7993179999999995,2080-2099
2097,5,198.52289,28.859169,80.92743,26.871847,30.846497,8092.17784,3.9746500000000005,2080-2099
2097,6,81.14764,28.691217,78.936844,26.54961,30.832825,8027.781400000001,4.283214999999998,2080-2099
2097,7,193.37181,28.290327,81.264984,26.31453,30.266123,8045.10399,3.951592999999999,2080-2099
2097,8,148.02617,28.416018,80.44234,26.392714,30.439323,7976.60485,4.046609,2080-2099
2097,9,196.23616,28.300322,81.22603,26.275972,30.32467,7929.67245,4.048698000000002,2080-2099
2097,10,277.18442,27.913994,82.81695,25.993366,29.83462,7925.83117,3.8412539999999993,2080-2099
2097,11,337.22974,27.466213,83.47081,25.668425,29.263998,7904.64081,3.5955730000000017,2080-2099
2097,12,387.7968,27.284159,85.5192,25.652468,28.915846,7996.53771,3.2633779999999994,2080-2099
2098,1,243.54556,27.221354,83.98089,25.62074,28.821972,8039.58646,3.2012319999999974,2080-2099
2098,2,141.50401,27.215853,81.98284,25.548164,28.883541,8042.10309,3.335377000000001,2080-2099
2098,3,137.42639,27.786688,82.223015,25.957712,29.615662,7949.57123,3.6579499999999996,2080-2099
2098,4,154.04767,28.59363,80.918045,26.63891,30.548351,7966.79666,3.909441000000001,2080-2099
2098,5,173.68018,29.022821,81.24342,27.044909,31.00074,7966.60335,3.955831,2080-2099
2098,6,149.28104,28.904507,80.209274,26.877838,30.931171,7946.9343499999995,4.0533329999999985,2080-2099
2098,7,159.13017,28.69064,80.75107,26.679333,30.701948,7959.43131,4.022615000000002,2080-2099
2098,8,188.19577,28.612917,81.2384,26.61191,30.61392,7996.1975600000005,4.0020099999999985,2080-2099
2098,9,237.63637,28.326529,82.32601,26.386417,30.266644,7998.37774,3.880226999999998,2080-2099
2098,10,247.81932,28.24565,82.36167,26.295198,30.196096,7983.85169,3.9008980000000015,2080-2099
2098,11,353.11212,27.662685,84.054855,25.831692,29.49368,8072.84931,3.661988000000001,2080-2099
2098,12,267.5707,27.345863,83.96805,25.661844,29.029884,8003.71771,3.3680400000000006,2080-2099
2099,1,211.29224,27.437555,83.674835,25.823107,29.052004,8036.16063,3.228897,2080-2099
2099,2,193.97319,27.439768,83.51092,25.783857,29.095676,8043.73982,3.311819,2080-2099
2099,3,109.82294,27.969742,81.44388,26.12212,29.817368,8037.96624,3.6952479999999994,2080-2099
2099,4,121.47609,28.244547,80.67745,26.275698,30.213398,8032.35639,3.937700000000003,2080-2099
2099,5,204.75922,28.650248,82.12737,26.746475,30.55402,8084.25793,3.807545000000001,2080-2099
2099,6,144.61139,29.048542,81.098755,27.018423,31.07866,8046.42317,4.060237000000001,2080-2099
2099,7,162.42549,28.50868,80.78397,26.517237,30.50012,7962.186250000001,3.9828829999999975,2080-2099
2099,8,198.26582,28.369158,81.370636,26.433123,30.30519,7884.99497,3.8720670000000013,2080-2099
2099,9,202.84933,28.359629,81.65525,26.420187,30.299072,7895.15209,3.8788850000000004,2080-2099
2099,10,308.35852,28.156494,82.76479,26.22119,30.091797,7919.345109999999,3.8706069999999997,2080-2099
2099,11,335.93524,27.580502,84.26792,25.809906,29.351097,7938.8408500000005,3.5411909999999978,2080-2099
2099,12,297.08966,27.16446,83.77032,25.492964,28.835957,7824.35449,3.342993,2080-2099
2100,1,129.58235,27.058197,81.72309,25.345974,28.770424,7586.5787199999995,3.42445,2080-2099
2100,2,82.32813,27.115831,81.90184,25.367243,28.864418,7436.754989999999,3.497175000000002,2080-2099
2100,3,153.1095,27.413307,82.105545,25.611372,29.215244,7342.8385,3.603871999999999,2080-2099
2100,4,108.15756,28.548658,81.15776,26.518356,30.57896,7236.5016,4.060603999999998,2080-2099
2100,5,163.07,28.724562,81.23357,26.767906,30.681213,7201.04871,3.9133069999999996,2080-2099
2100,6,204.88301,28.73982,82.40144,26.822199,30.657436,7324.784079999999,3.8352369999999993,2080-2099
2100,7,267.04147,28.310436,83.17807,26.410223,30.210651,7398.45374,3.800428,2080-2099
2100,8,174.50826,28.245352,81.04409,26.319826,30.170883,7424.935829999999,3.851057000000001,2080-2099
2100,9,176.17592,28.135376,81.85269,26.197672,30.073078,7404.875590000001,3.875405999999998,2080-2099
2100,10,268.35037,27.760214,82.15978,25.802128,29.718298,7396.04154,3.916170000000001,2080-2099
2100,11,211.48466,28.023645,81.71109,26.117096,29.930193,7270.2964600000005,3.813096999999999,2080-2099
2100,12,293.76065,27.569256,82.936165,25.842117,29.296394,7176.26031,3.454277000000001,2080-2099
